Date,Open,High,Low,Close,Volume
2004-12-07,6.2854,6.4124,6.1494,6.3398,29087247
2004-12-08,6.3398,6.358,6.3036,6.3398,6859759
2004-12-09,6.3217,6.358,6.3036,6.3398,4643041
2004-12-10,6.358,6.358,6.3398,6.358,1944536
2004-12-13,6.3761,6.5575,6.358,6.485,1994276
2004-12-14,6.4668,6.5394,6.4668,6.5212,1118927
2004-12-15,6.5212,6.8024,6.5212,6.8024,2053713
2004-12-16,6.8205,7.3284,6.8205,7.3103,4598427
2004-12-17,7.3103,7.3284,6.9112,7.1288,1364358
2004-12-20,7.1108,7.1834,6.9656,7.1108,902274
2004-12-21,7.1108,7.1288,6.9475,6.9838,816771
2004-12-22,6.9838,6.9838,6.7208,6.8749,634559
2004-12-23,6.8749,6.8749,6.757,6.7661,468044
2004-12-24,6.757,6.757,6.6482,6.7026,58827
2004-12-27,6.7208,6.9838,6.7026,6.893,285895
2004-12-28,6.893,7.0019,6.893,6.9656,340227
2004-12-29,6.9656,7.0926,6.9294,7.0201,846135
2004-12-30,7.0201,7.0926,6.893,6.9838,275444
2004-12-31,7.0564,7.0564,6.9475,7.0019,53357
2005-01-03,7.0383,7.0744,6.9656,6.9656,472143
2005-01-04,6.9656,6.9656,6.8387,6.893,241663
2005-01-05,6.7843,6.8387,6.7026,6.7661,388736
2005-01-06,6.7026,6.8205,6.6119,6.7026,951914
2005-01-07,6.6844,6.8205,6.6844,6.757,178336
2005-01-10,6.7661,6.7843,6.6119,6.7661,230518
2005-01-11,6.7661,6.7661,6.6844,6.7208,305174
2005-01-12,6.7026,6.8024,6.7026,6.757,208933
2005-01-13,6.7661,6.8024,6.7661,6.7843,368350
2005-01-14,6.7208,6.7843,6.7026,6.757,223324
2005-01-17,6.7208,6.739,6.6663,6.7026,255002
2005-01-18,6.6844,6.6844,6.6119,6.6482,459602
2005-01-19,6.6119,6.7661,6.6119,6.739,457454
2005-01-20,6.6844,6.7208,6.6119,6.7026,73789
2005-01-21,6.7208,6.757,6.6119,6.739,553073
2005-01-24,6.6663,6.7026,6.6119,6.6119,428157
2005-01-25,6.63,6.6663,6.63,6.6482,361459
2005-01-26,6.6119,6.7843,6.6119,6.757,937472
2005-01-27,6.7208,6.9656,6.7208,6.9656,1512243
2005-01-28,6.893,7.2015,6.8749,7.1652,2039729
2005-01-31,7.0744,7.1288,7.0564,7.1108,223307
2005-02-01,7.0383,7.1834,7.0383,7.1652,953476
2005-02-02,7.147,7.3284,7.147,7.2922,609895
2005-02-03,7.2558,7.5733,7.2377,7.537,684920
2005-02-04,7.5552,7.9814,7.5552,7.9633,1478809
2005-02-07,8.0359,8.5075,7.791,7.8635,1789290
2005-02-08,7.8635,7.8635,7.537,7.537,338576
2005-02-09,7.4827,7.5914,7.3466,7.5009,1203385
2005-02-10,7.4645,7.918,7.4463,7.8454,917741
2005-02-11,7.7002,7.8454,7.7002,7.7728,36373
2005-02-14,7.5733,7.6822,7.537,7.5914,114932
2005-02-15,7.6278,7.8817,7.6278,7.8635,307000
2005-02-16,7.9361,8.2536,7.9361,8.0359,1215078
2005-02-17,8.054,8.6072,8.0359,8.2173,1351007
2005-02-18,8.2173,8.4532,8.1085,8.1267,325700
2005-02-21,8.1446,8.2354,8.1267,8.1267,276256
2005-02-22,8.1628,8.2354,8.1085,8.1085,206807
2005-02-23,7.9996,8.1085,7.9814,7.9996,849817
2005-02-24,8.0177,8.1267,7.9814,7.9996,575582
2005-02-25,8.054,8.1267,7.8998,7.9996,2926851
2005-02-28,8.0177,8.308,7.9633,8.308,1386905
2005-03-01,8.2899,8.2899,8.0359,8.181,821404
2005-03-02,8.0177,8.0177,7.2196,7.2558,3675424
2005-03-03,7.4101,7.5188,7.274,7.3284,3860730
2005-03-04,7.4282,7.4645,7.1652,7.1652,4304346
2005-03-07,7.2922,7.4463,7.147,7.4282,1179528
2005-03-08,7.4463,7.4645,7.3648,7.3919,93980
2005-03-09,7.3919,7.5188,7.3648,7.4827,694158
2005-03-10,7.4827,7.4827,7.3738,7.3738,116482
2005-03-11,7.3919,7.4101,7.2558,7.274,637336
2005-03-14,7.2377,7.2377,7.147,7.2015,589704
2005-03-15,7.2015,7.274,7.147,7.2558,179888
2005-03-16,7.2377,7.2558,7.147,7.2377,385400
2005-03-17,7.1652,7.2015,7.147,7.147,186402
2005-03-18,7.1834,7.2558,7.1834,7.2558,218034
2005-03-21,7.274,7.3284,7.147,7.147,656658
2005-03-22,7.147,7.2558,7.147,7.2558,126827
2005-03-23,7.2196,7.2196,7.147,7.147,794580
2005-03-24,7.1652,7.2558,7.147,7.1652,506165
2005-03-29,7.2015,7.274,7.2015,7.2196,49891
2005-03-30,7.2196,7.2558,7.2015,7.2196,308780
2005-03-31,7.2377,7.3284,7.2377,7.2922,299185
2005-04-01,7.3284,7.4645,7.3284,7.3284,462424
2005-04-04,7.3738,7.3738,7.3284,7.3284,461411
2005-04-05,7.3284,7.4645,7.3284,7.4645,138274
2005-04-06,7.4827,7.7184,7.4827,7.6822,435970
2005-04-07,7.6096,7.7184,7.6096,7.7002,231162
2005-04-11,7.7002,7.7184,7.6278,7.6822,67178
2005-04-12,7.6822,7.8092,7.6822,7.7728,295244
2005-04-13,7.7728,8.054,7.7548,7.9542,1604924
2005-04-14,7.918,7.918,7.6278,7.6822,546116
2005-04-15,7.6096,7.791,7.6096,7.791,424259
2005-04-18,7.5914,7.7728,7.5914,7.6822,274997
2005-04-19,7.5914,7.7002,7.5914,7.6822,273240
2005-04-20,7.6822,7.7548,7.6641,7.6822,903126
2005-04-21,7.6822,7.7728,7.6459,7.7366,1253725
2005-04-22,7.791,7.9996,7.7728,7.9996,664513
2005-04-25,7.9361,7.9996,7.8635,7.9996,591893
2005-04-26,7.9542,7.9542,7.7728,7.8635,200559
2005-04-27,7.8635,7.8998,7.8454,7.8635,522511
2005-04-28,7.8817,7.9633,7.8273,7.9633,2059405
2005-04-29,7.9633,7.9633,7.8635,7.8635,169437
2005-05-02,7.8635,7.8998,7.8635,7.8635,28094
2005-05-04,7.9361,8.1628,7.9361,8.1446,392213
2005-05-05,8.1446,8.1992,8.0722,8.181,258758
2005-05-06,8.181,8.181,7.9361,8.0722,78245
2005-05-09,7.9814,8.0359,7.9814,8.0177,199260
2005-05-10,8.0359,8.0903,7.9633,7.9814,549149
2005-05-11,7.9361,8.0359,7.8635,8.0359,336823
2005-05-12,7.9633,8.054,7.9542,7.9633,736398
2005-05-13,7.9633,8.054,7.9542,8.054,789896
2005-05-16,8.054,8.054,7.918,7.9814,222468
2005-05-17,7.9542,7.9542,7.8273,7.918,136500
2005-05-18,7.9542,7.9542,7.8273,7.8817,493699
2005-05-19,7.8817,7.9996,7.7728,7.9361,775207
2005-05-20,7.9633,8.1992,7.8998,8.1446,1041880
2005-05-23,8.1446,8.181,8.0722,8.1267,415779
2005-05-24,8.1267,8.1267,8.0177,8.0177,356936
2005-05-25,7.9996,8.0359,7.9361,8.0359,345321
2005-05-27,8.1085,8.3986,8.1085,8.3806,734355
2005-05-30,8.3624,8.3624,8.1628,8.2899,69299
2005-05-31,8.2536,8.2536,8.1628,8.1628,36826
2005-06-01,8.1267,8.1446,8.0359,8.0359,223655
2005-06-02,8.0359,8.3624,8.0359,8.3624,227585
2005-06-03,8.3442,8.4168,8.2899,8.3624,926030
2005-06-06,8.3261,8.3986,8.2717,8.308,1318401
2005-06-07,8.308,8.308,8.1992,8.2536,2193672
2005-06-08,8.2173,8.435,8.1992,8.3624,1016108
2005-06-09,8.3986,8.6072,8.3624,8.435,702772
2005-06-10,8.4168,8.4893,8.3624,8.3986,1270920
2005-06-13,8.4168,8.435,8.3806,8.3806,717836
2005-06-14,8.3806,8.3986,8.3261,8.3442,1377568
2005-06-15,8.3442,8.4713,8.2717,8.435,280286
2005-06-16,8.435,8.4532,8.3986,8.3986,579101
2005-06-17,8.3806,8.4168,8.3442,8.4168,339370
2005-06-20,9.1151,9.1151,8.5529,8.7161,3144573
2005-06-21,8.7886,8.8068,8.6617,8.7343,1284815
2005-06-22,8.7525,8.825,8.7343,8.825,508102
2005-06-23,8.8431,8.9339,8.8431,8.9339,553057
2005-06-24,8.9157,8.9339,8.8431,8.8976,681143
2005-06-27,8.8431,8.8431,8.7161,8.7886,227064
2005-06-28,8.7886,8.8068,8.6617,8.7161,149183
2005-06-29,8.7161,8.7525,8.6799,8.7525,217380
2005-06-30,8.7525,8.7525,8.7161,8.7525,150352
2005-07-01,8.7525,8.8431,8.6799,8.8431,101944
2005-07-04,8.7525,9.0426,8.7525,9.0426,233468
2005-07-05,9.0245,9.2694,9.0245,9.1243,399395
2005-07-06,9.1425,9.342,9.1425,9.2512,1319743
2005-07-07,9.2875,9.2875,8.8794,9.1151,636691
2005-07-08,9.1151,9.3057,9.1151,9.2694,214867
2005-07-11,9.2875,9.3057,9.1969,9.2875,139259
2005-07-12,9.2512,9.2875,9.1969,9.233,290286
2005-07-13,9.2694,9.2875,9.1969,9.2694,778017
2005-07-14,9.2512,9.3783,9.2512,9.3783,983239
2005-07-15,9.2875,9.6322,9.2875,9.5415,818516
2005-07-18,9.5234,9.6684,9.4144,9.5597,338463
2005-07-19,9.5959,9.5959,9.4144,9.4326,549049
2005-07-20,9.4508,9.487,9.3964,9.469,607383
2005-07-21,9.469,9.469,9.2694,9.2694,296285
2005-07-22,9.2694,9.2694,9.0064,9.1151,312161
2005-07-25,9.1151,9.1151,9.0426,9.0971,434083
2005-07-26,9.0971,9.0971,8.8976,8.9157,925896
2005-07-27,8.9339,8.9339,8.825,8.8612,342982
2005-07-28,8.8976,9.1151,8.8612,8.9519,312575
2005-07-29,8.9339,9.0971,8.9339,9.0245,573371
2005-08-01,9.0064,9.1425,8.9157,9.0064,236329
2005-08-02,9.0608,9.215,9.0608,9.215,214570
2005-08-03,9.215,9.215,9.0971,9.1243,277718
2005-08-04,9.0064,9.1151,8.97,9.079,281155
2005-08-05,9.079,9.1243,9.0608,9.1243,379187
2005-08-08,9.1425,9.1425,9.079,9.0971,190674
2005-08-09,9.0971,9.215,9.0971,9.1605,1532825
2005-08-10,9.1605,9.1969,9.0971,9.1243,602701
2005-08-11,9.1969,9.2694,9.1243,9.1787,828384
2005-08-12,9.215,9.215,9.0064,9.079,1001341
2005-08-16,9.0608,9.079,8.97,9.0245,223342
2005-08-17,9.0064,9.0064,8.825,8.9339,120931
2005-08-18,8.8612,8.8976,8.825,8.8612,320210
2005-08-19,8.7886,8.7886,8.6799,8.7343,342505
2005-08-22,8.7525,8.7705,8.6254,8.7343,456256
2005-08-23,8.7343,8.7343,8.6254,8.6617,77599
2005-08-24,8.6254,8.9882,8.6254,8.9339,296403
2005-08-25,8.9339,9.0064,8.8976,9.0064,403151
2005-08-26,9.0245,9.0426,8.97,9.0064,98115
2005-08-29,9.0064,9.0064,8.8068,8.9339,39922
2005-08-30,8.9339,8.9882,8.8794,8.9339,438130
2005-08-31,8.9882,9.079,8.97,8.9882,254890
2005-09-01,8.9882,9.0426,8.9157,9.0426,2822634
2005-09-02,9.0245,9.3964,9.0245,9.3057,990465
2005-09-05,9.342,9.487,9.3238,9.4326,1562421
2005-09-06,9.4326,9.4326,9.1151,9.3783,6864198
2005-09-07,9.4144,9.469,9.1605,9.2875,216187
2005-09-08,9.2694,9.469,9.1969,9.4144,520298
2005-09-09,9.4326,9.487,9.342,9.487,708980
2005-09-12,9.487,9.5597,9.4508,9.5234,354541
2005-09-13,9.6322,9.6322,9.4508,9.5234,140138
2005-09-14,9.5052,9.5052,9.1605,9.2875,506596
2005-09-15,9.2512,9.5597,9.215,9.5415,873955
2005-09-16,9.5597,9.9859,9.5597,9.9496,1305537
2005-09-19,9.9315,10.3578,9.8227,10.3033,990516
2005-09-20,10.3941,10.4122,10.0948,10.1855,529652
2005-09-21,10.1855,10.258,10.1129,10.1855,938895
2005-09-22,10.1674,10.1674,10.0041,10.0766,109048
2005-09-23,10.0584,10.0584,9.469,9.9134,3013100
2005-09-26,9.8227,10.0948,9.7864,10.0948,412454
2005-09-27,10.1129,10.1855,10.0041,10.1855,224041
2005-09-28,10.1855,10.1855,9.7319,10.0041,121554
2005-09-29,9.9859,10.258,9.8227,10.1855,354709
2005-09-30,10.2035,10.2035,10.0766,10.1855,122957
2005-10-03,10.2035,10.6299,10.1492,10.6299,757865
2005-10-04,10.6299,10.8929,10.6299,10.7024,454963
2005-10-05,10.6299,10.7568,10.4666,10.6842,821326
2005-10-06,10.5392,10.5392,10.1855,10.3578,1040145
2005-10-07,10.2762,10.5392,10.2035,10.5392,550246
2005-10-10,10.5755,10.7206,10.5392,10.6661,813561
2005-10-11,10.5573,10.8657,10.5573,10.7206,682738
2005-10-12,10.7568,10.7568,10.521,10.5573,76872
2005-10-13,10.5392,10.5392,10.2217,10.5392,375929
2005-10-14,10.4303,10.5755,10.2217,10.5392,183055
2005-10-17,10.5392,10.6117,10.3578,10.521,218029
2005-10-18,10.5392,10.5392,10.3759,10.4666,74667
2005-10-19,10.5755,10.5755,10.4122,10.521,255338
2005-10-20,10.5573,10.648,10.5573,10.5755,306242
2005-10-21,10.6299,10.6299,10.4122,10.4485,245699
2005-10-24,10.4485,10.5392,10.1855,10.2035,325421
2005-10-25,10.2398,10.4485,10.1855,10.3033,163429
2005-10-26,10.3033,10.3215,10.0948,10.1855,533890
2005-10-27,9.8408,10.1855,9.8408,10.1855,194794
2005-10-28,10.0766,10.0948,9.9315,10.0041,646180
2005-10-31,10.1129,10.1855,10.0041,10.0766,141492
2005-11-02,10.1855,10.2943,9.9678,10.1855,454000
2005-11-03,10.1855,10.2762,10.0948,10.2762,1181290
2005-11-04,10.258,10.3578,10.1129,10.3578,224360
2005-11-07,10.3578,10.4122,10.2035,10.3578,119510
2005-11-08,10.258,10.4485,10.258,10.4485,41886
2005-11-09,10.4666,10.6299,10.4303,10.6299,103624
2005-11-10,10.6299,10.6842,10.5573,10.648,290570
2005-11-14,10.7206,10.8113,10.648,10.8113,358839
2005-11-15,10.8113,10.8838,10.7568,10.8475,242985
2005-11-16,10.8294,11.1831,10.8294,11.165,576562
2005-11-17,11.31,11.8634,11.31,11.5187,1304859
2005-11-18,11.7001,12.1083,11.7001,12.0629,2702691
2005-11-21,12.0629,12.1445,11.8452,12.0629,251544
2005-11-22,12.0629,12.0629,11.7001,11.7545,232797
2005-11-23,11.7726,11.9359,11.7182,11.8996,355094
2005-11-24,11.8996,12.1445,11.8452,12.1445,803683
2005-11-25,12.2715,12.2715,12.1445,12.2534,216826
2005-11-28,12.3804,12.6162,12.1445,12.1445,539991
2005-11-29,12.1445,12.5798,12.0629,12.5798,441953
2005-11-30,12.598,12.6797,12.4348,12.6797,303551
2005-12-01,12.6978,12.8248,12.6797,12.6797,547380
2005-12-02,12.7704,12.9337,12.7523,12.8973,488868
2005-12-05,13.115,13.4506,13.115,13.3055,978161
2005-12-06,13.3417,13.3781,12.9155,12.9518,954954
2005-12-07,13.0243,13.1332,13.0243,13.0788,725779
2005-12-08,13.0424,13.2057,13.0424,13.1876,948243
2005-12-09,13.2057,13.2057,13.0788,13.115,1792385
2005-12-12,13.115,13.5776,13.115,13.3781,422171
2005-12-13,13.4869,13.5232,13.3599,13.5232,500248
2005-12-14,13.6138,14.1671,13.6138,14.0221,1280555
2005-12-15,14.2396,14.6479,13.759,13.759,907278
2005-12-16,13.8315,14.1127,13.7227,13.895,911572
2005-12-19,14.04,14.2578,13.9495,14.0582,400447
2005-12-20,14.1127,14.3848,14.04,14.276,767694
2005-12-21,14.3304,14.3486,14.0039,14.0221,427931
2005-12-22,14.0221,14.0764,13.6864,13.7952,472361
2005-12-23,13.895,14.2035,13.759,14.0764,844136
2005-12-27,14.2035,14.2578,13.9676,14.149,176142
2005-12-28,14.276,14.3122,14.0221,14.294,430513
2005-12-29,14.294,14.4483,14.2578,14.4029,203346
2005-12-30,14.4029,14.4301,13.8134,13.9313,389984
2006-01-02,13.9131,14.294,13.4869,14.0764,189588
2006-01-03,14.2578,14.2578,14.0946,14.1127,311388
2006-01-04,14.2215,14.4665,14.149,14.4665,763077
2006-01-05,14.5934,14.92,14.4665,14.92,535519
2006-01-06,15.0106,16.0627,14.92,16.0083,609572
2006-01-09,16.1716,17.7769,15.2737,15.3825,1090384
2006-01-10,15.4188,15.6092,14.9744,15.0106,795504
2006-01-11,15.2555,15.9356,15.2555,15.8632,1007561
2006-01-12,16.2895,16.2895,15.5458,15.6999,546189
2006-01-13,15.6092,15.6092,15.2011,15.2011,725264
2006-01-16,15.2011,15.2555,15.0106,15.2011,608294
2006-01-17,15.3643,15.4913,15.0923,15.2737,507027
2006-01-18,15.0106,15.0379,14.7748,14.92,354304
2006-01-19,15.0106,15.4731,15.0106,15.1829,367858
2006-01-20,15.328,15.328,15.0379,15.0923,725779
2006-01-23,14.666,15.3098,14.6479,15.1829,264569
2006-01-24,15.1829,15.328,14.6479,15.0197,307599
2006-01-25,15.0559,15.1829,14.8293,15.1285,487496
2006-01-26,15.1829,15.3098,15.0106,15.2737,141783
2006-01-27,15.2373,15.2555,14.9744,15.1829,504451
2006-01-30,15.0197,15.1466,14.92,14.9925,397380
2006-01-31,15.0197,15.1285,14.4665,14.4845,384740
2006-02-01,14.2035,15.0106,13.759,15.0106,476677
2006-02-02,15.0923,15.1648,14.7022,14.9744,182114
2006-02-03,15.0106,15.328,15.0106,15.328,478019
2006-02-06,15.328,16.0627,15.2918,16.0627,487199
2006-02-07,16.0809,16.1352,15.3825,16.1352,869930
2006-02-08,16.0809,16.0809,15.7543,16.0809,155884
2006-02-09,16.0809,17.006,16.0809,16.7883,965881
2006-02-10,16.879,17.3687,16.6704,16.9335,517544
2006-02-13,16.8245,17.7769,16.7429,17.0604,292714
2006-02-14,17.668,17.9584,17.5048,17.6862,351003
2006-02-15,17.7769,17.8676,17.0604,17.396,318451
2006-02-16,17.4141,17.5955,16.2531,16.2531,368731
2006-02-17,16.7792,17.1511,16.5253,16.8609,434655
2006-02-20,17.1511,17.4685,16.2531,16.3439,905274
2006-02-21,16.4709,16.6886,16.3439,16.3439,589111
2006-02-22,16.3983,16.5796,16.3439,16.4346,725056
2006-02-23,16.4346,16.616,16.2895,16.362,475014
2006-02-24,16.4164,16.6886,16.4164,16.616,633182
2006-02-27,16.7883,16.9153,16.4527,16.616,777020
2006-02-28,16.5434,16.6886,15.8995,16.6886,1121205
2006-03-01,16.616,16.616,16.0627,16.0627,749736
2006-03-02,16.0809,16.1896,15.7181,16.0809,459627
2006-03-03,16.0809,16.0809,15.6637,15.8087,498764
2006-03-06,15.8995,16.5253,15.8995,16.5253,543406
2006-03-07,16.5253,16.5253,16.0446,16.4164,466187
2006-03-08,16.3077,16.4346,16.0809,16.2169,516436
2006-03-09,16.2169,16.3257,16.0809,16.1896,308056
2006-03-10,16.1896,16.1896,15.3643,15.7181,1230260
2006-03-13,15.5638,15.8269,15.5458,15.6273,772105
2006-03-14,15.6092,15.6092,15.1104,15.3643,670295
2006-03-15,15.5276,15.6999,15.4913,15.5458,461271
2006-03-16,15.6999,16.1534,15.6273,16.0264,415433
2006-03-17,16.1896,16.5434,16.0809,16.0809,771948
2006-03-20,16.1896,16.3983,15.8087,16.0809,247215
2006-03-21,16.0809,16.1896,15.8995,15.8995,219054
2006-03-22,15.7181,16.0809,15.7181,16.0627,207389
2006-03-23,16.0809,16.1716,15.9356,15.9538,69556
2006-03-24,16.0809,16.235,15.8087,16.0809,560350
2006-03-27,16.1171,16.489,16.1171,16.2169,372890
2006-03-28,16.2169,16.235,15.8269,16.0083,268912
2006-03-29,15.8087,16.0083,15.6092,15.9538,412751
2006-03-30,16.1171,16.1171,15.9538,16.1171,942627
2006-03-31,16.1171,16.1171,15.7181,15.7543,107760
2006-04-03,15.8087,16.1352,15.7724,16.1171,204600
2006-04-04,16.2531,16.6886,16.2169,16.6704,658461
2006-04-05,16.7248,17.133,16.7067,16.7067,584874
2006-04-06,16.7248,17.133,16.6341,17.133,1221727
2006-04-07,17.1511,17.3325,17.0967,17.26,571295
2006-04-10,17.2781,17.4504,17.006,17.1511,286909
2006-04-11,16.6341,17.1511,16.1171,17.1511,165786
2006-04-12,16.9697,17.1692,16.7883,17.0604,167576
2006-04-13,17.1692,17.2418,16.761,16.879,127542
2006-04-18,16.879,16.879,16.5071,16.5796,296789
2006-04-19,16.7792,16.7792,16.099,16.235,494056
2006-04-20,16.2531,16.362,15.8995,16.1171,2830851
2006-04-21,16.1534,16.5796,16.1171,16.3801,1192323
2006-04-24,16.5071,16.7883,16.2895,16.7429,905588
2006-04-25,16.7429,16.7883,16.6522,16.7883,295888
2006-04-26,16.7883,17.1511,16.7883,17.1511,302863
2006-04-27,17.1692,17.4322,16.9697,17.2781,1419512
2006-04-28,17.3325,17.3506,17.006,17.1511,227787
2006-05-02,16.7883,17.0604,16.7883,16.9697,362796
2006-05-04,16.9697,16.9697,16.4527,16.7067,904468
2006-05-05,16.7067,16.9335,16.5071,16.5978,723718
2006-05-08,16.616,16.6704,16.5253,16.5796,515759
2006-05-09,16.5796,17.2962,16.4709,16.9153,523596
2006-05-10,17.0967,17.2781,16.9697,17.1511,268140
2006-05-11,17.1874,17.3144,17.1148,17.3144,306008
2006-05-12,17.2781,17.2781,16.7067,16.761,387052
2006-05-15,16.9697,16.9697,16.2169,16.3983,1049246
2006-05-16,16.4164,16.8971,16.3983,16.616,1072176
2006-05-17,16.7067,16.7883,16.2713,16.4346,633725
2006-05-18,16.4346,16.4346,16.1171,16.1534,341441
2006-05-19,16.3257,16.4164,15.7906,16.2169,359142
2006-05-22,16.235,16.7792,15.8995,16.0809,987533
2006-05-23,15.8087,16.879,15.6455,16.4709,775604
2006-05-24,16.4346,16.4346,16.0083,16.0083,365035
2006-05-25,15.8813,16.4346,15.1829,16.3439,782791
2006-05-26,16.3983,16.4164,16.1534,16.2531,591967
2006-05-29,16.3077,16.3077,15.8813,15.8813,195246
2006-05-30,15.6273,16.1716,14.666,15.8087,1747508
2006-05-31,15.6273,16.489,15.4913,15.6273,962700
2006-06-01,15.8087,16.4346,15.7906,16.2531,355317
2006-06-02,16.5253,17.006,16.5253,16.879,392716
2006-06-05,16.9697,17.0967,16.879,16.9878,333303
2006-06-06,16.879,16.879,16.4527,16.616,202982
2006-06-07,16.879,16.879,16.3439,16.616,278949
2006-06-08,16.4346,16.5978,16.0627,16.4164,517975
2006-06-09,16.3439,16.5796,16.2531,16.4346,410517
2006-06-12,16.235,16.235,15.7181,15.7543,575066
2006-06-13,15.1829,15.3098,14.7385,15.0106,2204676
2006-06-14,14.9925,15.0106,14.5571,14.5571,874431
2006-06-16,15.4188,15.5458,14.7385,14.7385,798011
2006-06-19,14.9018,14.9018,14.5571,14.7929,331915
2006-06-20,14.7929,15.4369,14.666,15.4369,1332260
2006-06-21,15.6002,16.0446,15.582,15.7181,415186
2006-06-22,15.8269,16.2169,15.7362,15.9902,624975
2006-06-23,15.9176,16.0809,15.9176,16.0627,226415
2006-06-26,16.0809,16.489,16.0809,16.489,119812
2006-06-27,16.616,17.0967,16.3983,16.9697,368501
2006-06-28,16.7883,16.9697,16.7248,16.9697,526691
2006-06-29,16.8245,16.9697,16.8064,16.8971,633686
2006-06-30,16.9697,17.3325,16.8064,17.1511,557759
2006-07-03,17.1511,17.3325,16.9697,17.3325,160205
2006-07-04,17.3325,17.4504,17.0604,17.396,130873
2006-07-05,17.3779,17.3779,16.7883,17.2418,304033
2006-07-06,17.2418,17.8313,17.1874,17.7769,527408
2006-07-07,17.6862,18.04,17.6862,18.04,575134
2006-07-10,17.668,18.4934,17.5048,17.7769,622949
2006-07-11,17.8132,18.2213,17.795,18.04,274185
2006-07-12,18.04,19.4731,18.04,19.4731,562455
2006-07-13,19.2009,19.4731,18.312,18.312,516863
2006-07-14,17.9584,18.4028,17.7769,18.04,548057
2006-07-17,17.9584,18.04,17.7769,17.8676,353834
2006-07-18,17.7769,17.9584,17.6862,17.8494,410596
2006-07-19,17.9584,18.312,17.8313,18.04,191889
2006-07-20,18.6658,19.2009,18.5751,19.1192,660018
2006-07-21,18.9378,20.7247,18.5751,20.4525,794177
2006-07-24,20.0989,20.3619,19.8267,19.9175,630176
2006-07-25,20.1895,20.1895,19.1192,19.2009,884831
2006-07-26,19.1192,19.4731,18.7565,18.7565,734746
2006-07-27,18.8471,19.3823,18.7565,19.1192,1928621
2006-07-28,19.1192,19.1192,18.8471,19.1192,437234
2006-07-31,19.1192,19.6544,18.9378,19.0286,474582
2006-08-01,19.1192,19.2916,19.0286,19.1192,609739
2006-08-02,19.1192,19.4731,18.6658,19.1192,518530
2006-08-03,19.3823,19.3823,18.5751,18.5751,1039105
2006-08-04,18.7565,18.9378,18.7565,18.8471,205340
2006-08-07,18.7565,19.0286,18.04,19.0286,407305
2006-08-08,19.0286,19.0286,18.6658,18.8471,230580
2006-08-09,18.8471,19.8267,18.8471,19.3823,436188
2006-08-10,19.3823,19.5636,18.8471,19.2009,405211
2006-08-11,19.4731,19.6544,18.2213,18.4028,523327
2006-08-14,18.5751,18.7565,18.2213,18.4934,317467
2006-08-16,18.4934,18.6658,18.312,18.4934,410019
2006-08-17,18.4028,18.6658,18.04,18.2213,740110
2006-08-18,18.4028,18.4934,18.04,18.4028,241960
2006-08-21,18.4028,18.8471,18.1306,18.4934,243986
2006-08-22,18.7565,18.9378,18.5751,18.7565,845183
2006-08-23,18.9378,19.0286,18.4934,18.5751,807063
2006-08-24,18.5751,18.7565,18.2213,18.312,175476
2006-08-25,18.4028,18.5751,18.1306,18.312,463286
2006-08-28,18.2213,18.4934,17.9584,18.2213,282811
2006-08-29,18.312,18.9378,18.312,18.7565,909406
2006-08-30,18.7565,19.2916,18.7565,18.9378,553768
2006-08-31,19.2009,19.2916,18.5751,19.1192,603235
2006-09-01,19.1192,19.2009,18.7746,18.8471,223771
2006-09-04,19.0286,19.2916,18.6658,19.1192,408318
2006-09-05,19.2735,19.2916,18.8652,18.9378,420123
2006-09-06,18.8471,18.9378,18.4208,18.7202,200834
2006-09-07,18.5298,18.6295,18.4028,18.4934,155996
2006-09-08,18.5298,18.9016,18.5298,18.7565,182327
2006-09-11,18.5932,19.0286,18.3846,18.5751,140070
2006-09-12,18.5751,18.7202,18.4208,18.6477,198779
2006-09-13,18.6838,18.7565,18.3846,18.4028,333515
2006-09-14,18.4934,18.7565,18.439,18.5751,195471
2006-09-15,18.7383,18.8291,18.439,18.5751,401303
2006-09-18,18.7565,19.736,18.5298,19.2916,1046001
2006-09-19,19.2916,19.3823,18.7565,18.9378,389572
2006-09-20,18.9378,18.9923,18.6658,18.8291,208323
2006-09-21,18.8291,18.9378,18.5479,18.7202,244715
2006-09-22,18.4752,18.5751,18.3846,18.5751,372766
2006-09-25,18.5751,18.6113,18.3846,18.5116,237381
2006-09-26,18.5116,18.7383,18.5116,18.5932,103405
2006-09-27,18.6838,18.6838,18.2939,18.4028,155722
2006-09-28,18.5751,18.956,18.4208,18.7746,235567
2006-09-29,18.956,19.1192,18.6658,18.8471,716118
2006-10-02,18.9923,18.9923,18.4028,18.6838,271510
2006-10-03,18.5751,18.7383,18.4572,18.5116,142030
2006-10-04,18.5116,18.8471,18.5116,18.7746,140865
2006-10-05,18.9378,19.1192,18.8291,19.1192,353129
2006-10-06,19.1374,19.2553,18.956,19.1192,61535
2006-10-09,19.2009,19.2916,19.0648,19.2916,112222
2006-10-10,19.3278,20.1895,19.2916,20.1895,743646
2006-10-11,20.1895,20.6339,20.1532,20.3437,459122
2006-10-12,20.2258,21.5591,20.0989,21.5591,778420
2006-10-13,21.4774,22.8651,21.4412,22.1485,602077
2006-10-16,22.2393,22.2393,21.8492,22.1485,333683
2006-10-17,21.9763,22.1667,21.1509,22.1485,403537
2006-10-18,22.1485,23.763,21.9763,22.8832,559947
2006-10-19,22.847,23.0828,22.33,22.8651,427182
2006-10-20,22.8651,23.5635,22.6383,23.4909,384914
2006-10-23,23.5816,23.5816,22.6202,22.7925,126776
2006-10-24,22.8289,23.3821,22.6837,22.7744,272221
2006-10-25,22.8651,23.0465,21.6316,22.067,582427
2006-10-26,22.067,22.33,20.9333,21.042,379993
2006-10-27,20.9333,21.2234,19.736,20.3799,767700
2006-10-30,20.0262,20.2258,19.9175,19.9175,421970
2006-10-31,20.3619,20.7247,20.0262,20.5433,330509
2006-11-02,20.7608,20.7608,20.135,20.1895,412365
2006-11-03,20.4343,20.9061,20.3619,20.779,564324
2006-11-06,20.7247,21.3866,20.7247,21.1327,569379
2006-11-07,21.4412,22.1485,21.423,22.1485,568763
2006-11-08,21.6135,21.7949,21.1691,21.7949,596187
2006-11-09,21.7949,22.3844,21.3505,21.5046,325461
2006-11-10,21.2779,21.4412,20.9061,21.2597,287288
2006-11-13,21.1691,21.6135,20.5433,20.7247,834761
2006-11-14,20.8879,21.3505,20.5433,20.6339,492036
2006-11-15,20.8334,20.9877,20.4707,20.7247,839306
2006-11-16,20.8153,21.2597,20.5613,20.9061,660875
2006-11-17,21.0783,21.0783,20.8516,21.0783,206246
2006-11-20,20.8698,21.2597,20.5976,20.9695,302504
2006-11-21,21.0783,21.1691,20.7608,21.0239,1053742
2006-11-22,21.0239,21.4412,20.9061,21.4048,343664
2006-11-23,21.3505,21.423,21.2597,21.3323,391016
2006-11-24,21.2597,21.686,21.2052,21.6135,396891
2006-11-27,21.686,21.7767,21.4774,21.5409,777366
2006-11-28,21.4048,21.5591,20.7065,21.5409,411709
2006-11-29,21.6135,21.8856,21.5227,21.7223,522057
2006-11-30,21.9581,22.0125,21.7223,21.9944,421108
2006-12-01,22.067,22.1849,21.7949,21.7949,703002
2006-12-04,21.7949,21.7949,21.3505,21.686,1537466
2006-12-05,21.686,22.1123,21.6135,21.7949,543787
2006-12-06,21.9763,22.076,21.7041,21.9763,193193
2006-12-07,21.9763,22.0941,21.7041,21.7949,171172
2006-12-08,21.94,21.9763,21.6316,21.6497,75088
2006-12-11,21.7041,21.9763,21.6316,21.9763,285152
2006-12-12,21.9763,21.9763,21.6316,21.6316,156942
2006-12-13,21.4412,21.7041,20.6339,21.3142,461999
2006-12-14,21.3686,21.4412,20.8153,21.4412,133336
2006-12-15,21.4412,21.7949,20.5433,21.7949,441953
2006-12-18,21.8856,21.8856,21.5227,21.7586,184448
2006-12-19,20.9877,21.4412,20.5433,20.8153,430552
2006-12-20,20.7247,20.9061,19.2916,19.8267,575733
2006-12-21,20.0625,20.9061,20.0625,20.4525,277057
2006-12-22,20.6339,21.2597,20.3799,20.7247,180021
2006-12-27,20.9333,21.4412,20.8153,21.4412,128527
2006-12-28,21.4412,21.8856,21.1327,21.8856,193271
2006-12-29,22.2393,22.33,21.0057,22.2393,163609
2007-01-02,22.33,22.729,22.0216,22.7018,157019
2007-01-03,22.8651,23.6723,22.8651,23.4002,425804
2007-01-04,23.5,23.5,22.7744,22.8651,467965
2007-01-05,22.8742,23.4002,21.3505,21.4592,406087
2007-01-08,21.6044,21.6044,19.9175,21.0783,647185
2007-01-09,21.296,21.7949,21.296,21.5681,344260
2007-01-10,21.5681,22.5114,21.3686,21.5681,1092844
2007-01-11,21.7949,22.4207,21.7041,22.1577,450788
2007-01-12,22.321,22.5114,20.9422,22.067,804950
2007-01-15,22.339,23.1825,22.2846,22.9558,387260
2007-01-16,22.9558,23.2279,22.6564,22.9468,156720
2007-01-17,23.1825,23.5363,22.9558,23.4002,464777
2007-01-18,23.5363,24.6519,23.4183,24.4705,978395
2007-01-19,24.924,25.8853,24.7606,25.2777,1812597
2007-01-22,25.5407,26.1575,24.924,25.0146,540532
2007-01-23,25.0146,25.0963,24.3526,24.5612,758273
2007-01-24,24.8151,24.924,23.3096,23.6633,838055
2007-01-25,23.763,23.763,22.2393,22.33,2254063
2007-01-26,22.1485,23.2007,21.5409,22.9558,1062376
2007-01-29,23.0556,23.4909,23.0465,23.0465,415737
2007-01-30,23.2279,23.763,23.0011,23.6723,494341
2007-01-31,23.9354,24.4705,23.8718,24.0261,629303
2007-02-01,24.3888,25.1598,24.3888,24.9965,492937
2007-02-02,25.4319,25.4319,24.3888,24.6519,572631
2007-02-05,24.7426,24.7426,23.3186,23.4455,586688
2007-02-06,23.6904,24.3798,23.6633,23.6633,540613
2007-02-07,23.8083,24.017,23.1825,23.6723,733604
2007-02-08,23.2279,23.6633,22.9739,23.0919,439393
2007-02-09,23.0556,23.6723,22.7925,22.9558,255595
2007-02-12,22.8832,23.0465,22.1214,22.1214,582437
2007-02-13,22.3481,22.5114,21.7495,21.8584,491010
2007-02-14,23.0465,23.0465,21.8945,22.2393,694347
2007-02-15,22.466,22.6021,21.5862,21.7949,478915
2007-02-16,21.9763,22.5567,21.8221,21.8856,1006546
2007-02-19,22.1032,22.4207,21.9853,22.1939,765389
2007-02-20,23.0919,23.5816,23.0919,23.5816,1689459
2007-02-21,24.1167,24.8332,23.6723,24.2165,1862826
2007-02-22,24.5158,24.552,24.2074,24.3435,589332
2007-02-23,24.0895,24.2074,23.5907,24.0261,558421
2007-02-26,24.1621,24.2256,23.2279,23.5816,187140
2007-02-27,23.4909,23.4909,22.33,22.6021,991577
2007-02-28,21.8856,23.2279,21.8221,23.2279,652622
2007-03-01,23.2279,23.3096,21.8945,22.9104,745477
2007-03-02,22.9104,23.2279,22.1485,23.2189,326200
2007-03-05,22.9468,22.9468,21.7949,22.321,640591
2007-03-06,22.4207,22.6837,21.6952,21.7495,729562
2007-03-07,21.7949,22.0941,21.6135,21.6588,612957
2007-03-08,21.9671,22.5567,21.8856,22.339,421036
2007-03-09,22.5114,23.1372,22.067,22.6837,534558
2007-03-12,22.7835,23.2642,22.729,22.729,664520
2007-03-13,23.1372,23.2279,22.4207,22.9558,616280
2007-03-14,22.2393,23.5816,22.0216,23.5816,1300885
2007-03-15,23.2733,23.3276,22.6928,23.3276,1008084
2007-03-16,23.2733,24.0261,22.9649,23.7177,724139
2007-03-19,23.754,24.3888,23.6723,24.3888,810864
2007-03-20,24.3888,24.4341,23.7902,24.1167,654458
2007-03-21,24.2801,24.4614,24.2074,24.3888,942826
2007-03-22,24.534,25.1054,24.3435,24.9784,1682133
2007-03-23,24.7245,24.933,24.7245,24.797,508458
2007-03-26,24.5974,24.9784,23.5272,23.5907,763197
2007-03-27,24.1712,24.2891,23.6723,23.6723,271069
2007-03-28,23.8537,24.0261,23.509,23.8083,1029792
2007-03-29,23.8083,23.9354,23.5998,23.9354,296649
2007-03-30,24.0261,24.1984,23.2369,23.509,329021
2007-04-02,23.2279,23.5816,23.1282,23.3096,230649
2007-04-03,23.5544,23.5635,22.9558,23.1282,328608
2007-04-04,23.4002,23.9172,23.2369,23.4365,370771
2007-04-05,23.6179,23.8265,23.2369,23.2369,238010
2007-04-10,23.4183,24.1167,23.3548,23.8537,650129
2007-04-11,23.7086,24.924,23.7086,24.6519,818552
2007-04-12,24.5158,24.5158,23.6723,23.6723,702326
2007-04-13,24.0713,24.6066,23.89,24.5067,333402
2007-04-16,24.4705,24.5158,23.8537,24.0261,219986
2007-04-17,23.8537,23.9988,23.4909,23.8537,197703
2007-04-18,24.0987,24.8332,23.5544,24.7426,479060
2007-04-19,24.2437,24.7879,23.9081,24.0623,397046
2007-04-20,24.2981,24.552,23.8537,24.3888,619115
2007-04-23,24.3888,24.5158,23.763,23.9807,284272
2007-04-24,23.763,24.1984,23.6723,24.1167,351853
2007-04-25,23.2279,24.1076,23.2279,23.5726,500555
2007-04-26,23.8627,23.9444,23.2369,23.3276,309206
2007-04-27,23.2733,23.8174,23.2733,23.8174,279401
2007-04-30,23.763,24.2801,23.4547,24.2801,127303
2007-05-02,24.3798,24.3798,23.3096,23.4002,199337
2007-05-04,23.6451,23.9807,23.4002,23.9262,275701
2007-05-07,23.9354,24.0079,23.5816,23.763,317907
2007-05-08,23.9716,23.9716,22.7199,22.9376,365912
2007-05-09,23.0465,23.6542,22.7925,23.2279,162688
2007-05-10,23.2279,23.3096,22.457,22.457,125340
2007-05-11,22.3663,22.6293,21.8856,22.1849,482008
2007-05-14,22.4116,22.6475,21.8492,22.2393,604358
2007-05-15,22.1939,22.33,21.2597,21.2597,582986
2007-05-16,21.4321,21.4412,20.4525,20.7881,536316
2007-05-17,20.9061,21.5137,20.9061,20.9967,308382
2007-05-18,21.3777,21.7041,21.3505,21.7041,163912
2007-05-21,21.9309,21.9309,21.1691,21.1691,752405
2007-05-22,21.3595,21.4048,20.6793,20.6793,894945
2007-05-23,20.8969,20.9877,20.6702,20.6702,155344
2007-05-24,20.6248,21.4956,20.5613,21.2869,294613
2007-05-25,21.4321,21.7949,21.0873,21.7858,247393
2007-05-28,22.1667,22.4479,21.9491,22.4479,131507
2007-05-29,22.2393,22.4025,21.677,21.813,335800
2007-05-30,21.7949,21.8584,21.2234,21.3595,368122
2007-05-31,21.7676,22.212,21.5953,22.212,703264
2007-06-01,22.1305,22.1305,21.6135,21.677,768136
2007-06-04,21.7676,21.7676,21.1691,21.3142,231951
2007-06-05,21.3142,21.4956,21.0057,21.1781,263258
2007-06-06,21.1781,21.1781,20.1532,20.2439,843509
2007-06-08,20.3074,20.4072,19.5002,20.1804,698513
2007-06-11,20.2983,20.5613,19.8629,19.8629,697968
2007-06-12,19.9083,19.9536,19.0466,19.0466,744306
2007-06-13,19.1374,19.9264,19.1011,19.8176,5369232
2007-06-14,20.0444,20.5704,20.0444,20.4072,3582812
2007-06-15,20.4978,21.4683,20.4162,21.3595,3929604
2007-06-18,21.6588,21.9671,21.1327,21.3142,1232279
2007-06-19,21.4774,21.7586,21.042,21.7586,313068
2007-06-20,21.7676,22.3118,21.7676,22.0125,970448
2007-06-21,22.0035,22.2031,21.677,21.7223,269881
2007-06-22,21.9491,21.9491,21.1781,21.3686,362855
2007-06-25,21.1509,21.2687,20.6793,20.8607,602906
2007-06-26,20.7881,21.2779,20.7881,21.033,995683
2007-06-27,20.9061,21.1055,20.135,20.1804,738307
2007-06-28,20.389,20.5794,19.999,20.4072,1365678
2007-06-29,20.4072,20.6793,20.135,20.4978,547475
2007-07-02,20.4978,20.5886,20.0897,20.4978,100124
2007-07-03,20.7247,21.0783,20.7247,20.8607,235390
2007-07-04,21.0693,21.4774,20.9513,21.4774,491964
2007-07-05,21.4048,21.4774,20.9604,21.2597,209874
2007-07-06,21.2234,21.2869,20.6339,20.9877,486414
2007-07-09,21.1691,21.1691,20.7427,21.0239,649229
2007-07-10,20.8607,20.9061,20.4525,20.8607,473452
2007-07-11,20.8607,20.9967,20.6611,20.77,387112
2007-07-12,20.7337,20.9333,20.5069,20.7155,459402
2007-07-13,20.9967,21.042,20.4072,20.5433,765160
2007-07-16,20.4978,20.77,20.4072,20.5886,793711
2007-07-17,20.5886,20.8607,20.4072,20.8607,270336
2007-07-18,20.8607,21.1327,20.6793,21.042,132356
2007-07-19,21.042,21.1327,20.8698,21.0693,102437
2007-07-20,21.2234,21.7131,21.0693,21.677,423790
2007-07-23,21.7223,21.7676,21.5046,21.7223,951466
2007-07-24,21.7586,21.8402,21.042,21.2234,498466
2007-07-25,21.3866,21.6588,20.9151,21.2779,182106
2007-07-26,21.2779,21.5953,20.4072,20.4978,340517
2007-07-27,20.4162,20.8425,20.4072,20.6793,261411
2007-07-30,20.9061,20.9513,20.4978,20.77,315021
2007-07-31,20.8607,21.4774,20.8607,21.2687,332460
2007-08-01,20.8607,21.0512,20.6429,20.9513,171408
2007-08-02,21.5499,22.1305,21.3142,21.7676,311825
2007-08-03,21.7676,21.8584,21.4956,21.7676,378525
2007-08-06,21.7495,21.7495,21.0057,21.0057,152818
2007-08-07,21.4956,21.5681,20.9333,21.2234,352718
2007-08-08,21.042,21.3051,21.042,21.2052,206187
2007-08-09,21.3958,21.4956,20.9695,21.2234,354684
2007-08-10,20.9513,21.2234,20.5433,20.8516,421325
2007-08-13,20.8516,21.1781,20.2258,20.8607,367400
2007-08-14,20.8607,21.1327,20.6793,20.8607,177972
2007-08-16,20.6793,20.8607,19.1374,19.1374,705257
2007-08-17,17.6862,19.6363,17.6862,18.8381,1056733
2007-08-20,19.5909,19.6816,19.1374,19.1464,218907
2007-08-21,19.5002,20.6702,18.6838,20.0534,289840
2007-08-22,20.3346,21.1327,20.3346,20.7247,434061
2007-08-23,20.9967,21.2052,20.4254,20.8607,352193
2007-08-24,20.6521,21.2687,20.5341,21.2687,392053
2007-08-27,21.2052,21.2687,20.77,21.0057,278526
2007-08-28,21.1147,21.1147,20.7881,20.8607,338832
2007-08-29,20.5069,21.3142,20.4978,21.2869,401695
2007-08-30,21.3142,21.3142,20.4797,20.9333,465234
2007-08-31,21.1962,21.3051,20.9513,21.3051,284653
2007-09-03,21.3142,21.3142,21.042,21.1327,112704
2007-09-04,21.2687,21.2687,20.9333,21.2234,44044
2007-09-05,21.1781,21.1781,20.4525,20.5794,155309
2007-09-06,20.8063,20.9422,20.2348,20.2348,192481
2007-09-07,20.2348,20.5341,19.5092,19.6363,253996
2007-09-10,19.4457,19.5909,19.3188,19.3188,57237
2007-09-11,19.4639,20.4072,19.4095,20.135,489894
2007-09-12,20.135,20.389,19.9628,20.389,88402
2007-09-13,20.2258,20.8607,20.0171,20.8607,262289
2007-09-14,20.8516,20.8516,20.2258,20.5886,166682
2007-09-17,20.4072,20.5613,20.135,20.2439,298604
2007-09-18,20.0444,20.5069,19.872,20.1714,373573
2007-09-19,20.6793,20.8153,20.2711,20.6339,925866
2007-09-20,20.77,20.77,20.5069,20.77,327385
2007-09-21,20.6793,20.7881,20.0534,20.5794,893880
2007-09-24,20.5704,20.5704,19.7722,19.8811,183192
2007-09-25,20.126,20.126,19.4095,19.6363,432919
2007-09-26,19.8267,19.999,19.5002,19.6363,287025
2007-09-27,19.8629,20.2167,19.2281,19.5002,834607
2007-09-28,19.1374,20.2711,19.1374,19.7722,915194
2007-10-01,19.999,20.2711,19.4004,19.7541,406484
2007-10-02,20.126,20.3528,19.9536,20.3528,729734
2007-10-03,20.3619,20.4525,19.727,19.9175,193714
2007-10-04,19.7179,19.9536,19.5909,19.6906,195101
2007-10-05,19.736,20.0625,19.5546,19.5546,669347
2007-10-08,19.6816,19.8993,19.3641,19.5002,140632
2007-10-09,19.5002,19.8539,19.5002,19.6363,1728513
2007-10-10,19.7722,19.7722,19.4639,19.5002,1585292
2007-10-11,19.5546,19.7814,19.5365,19.6816,1650993
2007-10-12,19.6816,19.727,19.3188,19.4095,300203
2007-10-15,19.4549,19.7904,19.3641,19.3641,400419
2007-10-16,19.4731,19.4731,19.1011,19.2281,252938
2007-10-17,19.4276,19.9536,19.2916,19.9536,1011380
2007-10-18,20.0081,20.6611,20.0081,20.6068,2770785
2007-10-19,20.389,21.4956,20.2711,21.3595,1342569
2007-10-22,21.3595,21.3595,20.5886,21.0873,599062
2007-10-23,21.4956,22.6746,21.4956,22.6746,1198370
2007-10-24,22.856,23.1282,22.6837,23.1009,687535
2007-10-25,23.1009,23.2189,22.7199,23.0374,624155
2007-10-26,23.2189,24.0805,23.1282,23.9626,1578951
2007-10-29,23.9444,23.9534,23.0374,23.0374,435199
2007-10-30,23.2733,23.4547,22.711,23.0374,300354
2007-10-31,22.8016,23.8991,22.6746,22.6746,345133
2007-11-02,22.457,23.1282,22.457,22.6746,279354
2007-11-05,22.4479,23.3548,22.1757,23.3096,528824
2007-11-06,23.3096,23.6269,22.7199,22.7199,114684
2007-11-07,22.6837,23.0646,22.2211,22.2302,927924
2007-11-08,21.7676,21.7676,20.8607,21.7676,880166
2007-11-09,21.7676,21.7767,21.042,21.3142,2881044
2007-11-12,21.3051,21.3051,20.8787,21.042,287798
2007-11-13,21.042,21.3142,21.042,21.3142,414887
2007-11-14,21.3142,21.9309,21.1327,21.7676,830076
2007-11-15,21.7676,21.94,20.8607,20.8607,1085293
2007-11-16,20.77,21.7495,20.6793,21.6135,695113
2007-11-19,21.7676,21.813,20.8607,21.2052,208891
2007-11-20,21.1327,21.1327,20.5976,20.8607,218570
2007-11-21,20.4525,20.9241,20.135,20.4072,803414
2007-11-22,20.4072,22.2211,20.0989,21.1691,671248
2007-11-23,21.3866,22.1939,21.3866,21.4774,337356
2007-11-26,21.6952,21.9853,20.8969,20.9061,501075
2007-11-27,21.1237,21.5862,20.8969,21.5862,265119
2007-11-28,21.4321,22.2031,21.3323,21.5137,239067
2007-11-29,21.677,22.2211,21.5953,21.6226,395741
2007-11-30,21.7676,22.9014,21.6679,22.6746,803634
2007-12-03,23.0374,23.2279,22.6746,22.729,445955
2007-12-04,22.584,23.0374,22.457,22.4932,123829
2007-12-05,22.6746,23.0828,21.6316,22.5749,506443
2007-12-06,22.7654,23.2189,22.2755,22.9739,907931
2007-12-07,22.9829,23.3096,22.6837,23.1282,572325
2007-12-10,23.1282,23.9444,22.6928,23.5816,589923
2007-12-11,23.5907,23.9081,23.3096,23.4002,787781
2007-12-12,23.5726,23.9444,23.4002,23.9444,849522
2007-12-13,23.8537,24.1258,23.2098,23.5816,636797
2007-12-14,23.4183,23.8265,22.7654,23.4818,235630
2007-12-17,23.246,23.246,21.9491,22.2211,226530
2007-12-18,22.2211,22.4932,22.0488,22.4479,656935
2007-12-19,22.6656,22.847,21.8221,22.2211,852034
2007-12-20,22.4479,22.8742,22.4479,22.4479,499639
2007-12-21,22.9921,23.3912,22.4479,22.7654,1327552
2007-12-27,22.4932,23.9172,22.4932,23.4455,284988
2007-12-28,23.3548,23.5816,22.6021,22.6746,484510
2008-01-02,22.729,24.2619,22.6656,22.6656,311698
2008-01-03,22.729,23.1282,22.7199,23.0828,346957
2008-01-04,23.2369,23.4455,22.5477,22.6746,337038
2008-01-07,22.475,22.9104,22.0851,22.1305,291079
2008-01-08,22.3118,22.6564,21.9581,22.2211,687036
2008-01-09,21.9944,22.4025,21.414,21.8584,661714
2008-01-10,21.8584,22.076,20.5886,20.8607,759965
2008-01-11,20.7427,21.1237,20.3164,20.3346,376493
2008-01-14,20.2258,20.6702,19.9083,20.4072,659451
2008-01-15,20.4797,20.6248,19.5909,19.9536,350179
2008-01-16,19.1374,19.9536,18.566,19.3641,794749
2008-01-17,19.5818,20.8607,19.3823,20.8607,529913
2008-01-18,20.8516,21.1327,20.4797,20.8607,2211048
2008-01-21,20.2983,20.4072,19.4276,19.8629,580811
2008-01-22,18.8652,20.8425,18.7655,20.2802,640822
2008-01-23,20.5523,21.3142,19.0466,20.5886,685739
2008-01-24,20.8607,21.1327,20.4525,20.7155,809712
2008-01-25,20.77,20.7881,20.1442,20.3619,947071
2008-01-28,20.2258,20.3528,19.1374,19.1646,384849
2008-01-29,19.609,19.7995,19.3188,19.337,829396
2008-01-30,19.5092,19.6725,19.3188,19.5002,560428
2008-01-31,19.5456,19.9536,18.9651,19.8993,571686
2008-02-01,19.9718,20.3164,19.8629,20.3164,2492061
2008-02-04,20.4978,20.6339,20.2167,20.4072,676460
2008-02-05,20.2893,20.7608,19.6363,19.9628,525133
2008-02-06,19.4185,20.3074,19.4095,20.1804,288043
2008-02-07,19.9536,20.3164,19.5092,19.9536,401050
2008-02-08,20.3074,20.6793,19.7632,20.6793,223846
2008-02-11,20.6793,21.6316,20.4707,21.3595,486497
2008-02-12,21.677,22.4932,21.0512,22.4932,839124
2008-02-13,21.9944,22.584,21.9037,22.4932,396264
2008-02-14,22.5024,22.6746,21.7949,22.1396,512031
2008-02-15,21.9491,22.3028,20.8698,21.1691,263593
2008-02-18,21.7676,22.2393,21.4956,22.2393,306209
2008-02-19,22.2211,22.2211,21.6679,22.0851,531131
2008-02-20,21.6497,22.2211,21.5046,22.2211,415123
2008-02-21,22.4479,22.584,22.0851,22.2211,524074
2008-02-22,22.0851,22.2846,21.5409,21.5409,408830
2008-02-25,21.677,21.8402,20.6883,20.7972,811563
2008-02-26,21.0057,21.1781,20.8153,21.0602,473243
2008-02-27,21.2779,21.5862,21.033,21.1327,292592
2008-02-28,21.414,21.4321,20.9967,20.9967,183511
2008-02-29,21.1781,21.1781,20.3437,20.4072,562410
2008-03-03,20.2258,20.3164,19.9628,20.3164,405310
2008-03-04,20.3164,20.3164,19.9809,19.9809,374842
2008-03-05,20.0534,20.9333,19.9628,20.4072,683244
2008-03-06,20.4978,20.77,20.2893,20.77,269529
2008-03-07,20.1442,20.8607,20.1442,20.6429,308750
2008-03-10,20.6883,21.9491,20.6158,21.3595,710288
2008-03-11,21.2234,21.94,21.2234,21.677,285424
2008-03-12,21.7767,21.8945,21.4956,21.686,555670
2008-03-13,21.4683,21.4683,20.8153,21.042,546670
2008-03-14,20.8607,21.3595,20.4162,20.6068,538258
2008-03-17,20.3981,20.6702,20.1442,20.3346,1175426
2008-03-18,20.5341,21.6679,20.2439,21.6679,355996
2008-03-19,20.9513,21.4501,20.9513,21.4048,472917
2008-03-20,21.4048,21.6588,20.6793,20.6793,1052973
2008-03-25,21.7405,21.7405,20.6793,20.6793,628291
2008-03-26,20.8969,21.4592,20.8969,21.2234,533850
2008-03-27,21.4865,21.677,21.414,21.5681,339671
2008-03-28,20.8787,21.4048,20.77,20.8607,1224539
2008-03-31,20.7552,20.8575,20.4945,20.7738,667897
2008-04-01,20.8607,21.4683,20.8334,21.4048,890461
2008-04-02,21.677,22.1305,20.77,21.2234,904494
2008-04-03,21.296,21.296,20.7155,20.8698,540162
2008-04-04,21.0239,21.0239,20.6339,20.8243,427293
2008-04-07,20.9061,21.2597,20.9061,20.9604,326322
2008-04-08,20.9604,20.9604,20.6883,20.7155,3609050
2008-04-09,20.7247,20.9604,20.6883,20.9604,449197
2008-04-10,20.6974,21.1055,20.6068,20.9877,177928
2008-04-11,20.9877,21.1327,19.9809,19.9809,654743
2008-04-14,20.135,20.3981,19.9718,20.3164,394696
2008-04-15,20.4072,20.5433,20.0989,20.3528,343013
2008-04-16,20.5433,20.7247,20.135,20.3164,481033
2008-04-17,20.5251,20.7247,20.3164,20.5069,273136
2008-04-18,20.4072,20.6974,20.4072,20.6793,349776
2008-04-21,20.4797,20.6611,20.3255,20.3981,352941
2008-04-22,20.4072,20.4072,19.5002,19.9446,517248
2008-04-23,19.9536,19.9536,19.5002,19.5909,1324106
2008-04-24,19.7904,19.9264,19.5092,19.6271,1124274
2008-04-25,19.5909,20.135,19.5909,19.9536,2784361
2008-04-28,20.2258,20.6429,20.126,20.6429,175280
2008-04-29,20.8063,20.8063,20.4072,20.6793,1130799
2008-04-30,20.7366,20.8017,20.1874,20.6156,174620
2008-05-05,20.8607,20.9967,20.4525,20.4525,297247
2008-05-06,20.6793,20.6793,20.4072,20.5886,284366
2008-05-07,20.5886,20.7972,20.3619,20.6339,875314
2008-05-08,20.516,20.5886,20.3619,20.4978,312863
2008-05-09,20.5794,20.5794,20.135,20.3164,876748
2008-05-12,20.4072,20.8153,20.4072,20.7881,183715
2008-05-13,20.6793,20.6793,20.0897,20.2258,665738
2008-05-14,20.4525,20.4525,20.1442,20.2711,688137
2008-05-15,20.1804,20.2258,19.4095,19.7722,653108
2008-05-16,19.8629,20.1804,19.6816,19.9536,602838
2008-05-19,19.9536,20.1804,19.9355,19.999,194810
2008-05-20,20.0262,20.0262,18.0943,18.1397,3499477
2008-05-21,18.1399,18.2794,17.2463,17.4138,1918795
2008-05-23,17.3208,17.4138,17.0509,17.2371,2327139
2008-05-26,17.3208,17.5814,17.3208,17.4232,1597980
2008-05-27,17.6744,17.842,17.265,17.6838,2214013
2008-05-28,17.6186,17.8327,17.4046,17.5256,1718908
2008-05-29,17.5441,17.6744,16.7624,17.0788,884340
2008-05-30,17.2184,17.4977,17.2184,17.4511,1195925
2008-06-02,17.6373,17.6373,17.2742,17.3394,430317
2008-06-03,16.8554,17.3115,16.8554,17.2184,980821
2008-06-04,17.0509,17.2091,16.418,16.7437,1405122
2008-06-05,16.66,16.9392,16.5949,16.6692,309585
2008-06-06,16.7531,17.0415,16.7531,16.8461,1080988
2008-06-09,16.6692,16.7531,16.3808,16.5576,729319
2008-06-10,16.1108,16.3808,15.8224,16.0736,1086584
2008-06-11,16.0271,16.2319,15.5431,15.8037,992377
2008-06-12,15.7385,16.1481,15.7293,15.8224,575650
2008-06-13,15.7293,16.2505,15.6455,16.055,925219
2008-06-16,16.1947,16.5204,15.962,16.4273,680722
2008-06-17,16.567,16.7531,15.9712,16.3994,360607
2008-06-18,16.4646,16.4646,15.6362,15.9433,640003
2008-06-19,15.3662,16.1015,15.3662,15.6827,404540
2008-06-20,15.8409,16.1947,15.8224,15.8875,935873
2008-06-23,15.8875,16.0644,15.7385,15.9154,804402
2008-06-24,16.1015,16.2132,15.8503,16.0085,284238
2008-06-25,16.0085,16.1481,15.3849,15.3849,210616
2008-06-26,15.5059,15.6176,15.0033,15.6176,183996
2008-06-27,15.0684,16.1015,14.6589,16.1015,1244075
2008-06-30,15.6362,16.3808,15.4965,16.2877,624351
2008-07-01,16.2877,16.3714,15.6827,15.8596,543541
2008-07-02,15.934,16.1015,15.9154,15.9899,388028
2008-07-03,15.8409,16.66,15.6827,16.539,440730
2008-07-04,16.539,16.8927,16.0085,16.0085,510135
2008-07-07,16.176,16.7531,16.1202,16.6134,580215
2008-07-08,16.4366,16.4366,15.8409,16.2411,123101
2008-07-09,16.6134,16.7345,16.055,16.0923,815771
2008-07-10,15.8503,16.2784,15.8224,15.8224,833479
2008-07-11,15.9806,15.9806,15.1708,15.2174,664768
2008-07-14,15.2174,15.2639,14.4262,14.4262,297236
2008-07-15,14.3797,14.4262,13.4955,14.0168,1516002
2008-07-16,14.1377,14.2122,13.4955,13.4955,2571897
2008-07-17,13.7748,13.8678,13.4118,13.5979,1069886
2008-07-18,13.663,13.7003,13.2163,13.5886,414466
2008-07-21,13.6724,14.5007,13.6351,14.5007,433460
2008-07-22,14.3332,15.1895,14.2494,15.1895,311137
2008-07-23,15.2174,16.3994,15.2174,16.1015,1587001
2008-07-24,16.055,16.269,15.6455,15.9712,1378976
2008-07-25,15.8224,16.2132,15.6176,16.0085,919500
2008-07-28,16.055,16.2226,15.8037,16.2226,487685
2008-07-29,15.9154,16.2226,15.8224,16.0271,181857
2008-07-30,16.2411,16.6134,16.2411,16.6134,944428
2008-07-31,16.66,17.0136,16.1481,17.0136,914955
2008-08-01,16.5949,17.1254,16.4738,16.7531,421393
2008-08-04,16.5855,17.1905,16.567,17.1626,956384
2008-08-05,17.0323,17.4977,17.0323,17.1718,804718
2008-08-06,17.2184,17.5814,16.66,16.9392,1111292
2008-08-07,16.874,17.358,16.4831,16.567,741817
2008-08-08,16.567,16.7252,16.3808,16.418,424669
2008-08-11,16.4738,16.6507,16.3901,16.5762,1370262
2008-08-12,17.1254,17.7768,17.1254,17.721,1010015
2008-08-13,17.721,18.1212,17.5349,17.7768,809377
2008-08-14,17.8327,17.963,17.6838,17.963,604654
2008-08-18,17.7862,17.963,17.4977,17.4977,277033
2008-08-19,17.628,17.628,15.934,16.8461,774672
2008-08-20,16.8089,17.1347,16.781,16.902,416560
2008-08-21,16.9392,16.9392,16.66,16.7903,753816
2008-08-22,16.781,16.9672,16.7531,16.7624,893056
2008-08-25,16.7624,17.0323,16.7531,16.7531,988533
2008-08-26,16.7065,16.7531,16.5855,16.7065,228893
2008-08-27,16.6228,16.7437,16.1015,16.3808,387732
2008-08-28,16.2132,16.66,16.1015,16.4273,606535
2008-08-29,16.5949,16.66,16.0178,16.66,196254
2008-09-01,16.2877,16.7531,16.1015,16.7065,78853
2008-09-02,16.4738,16.7531,16.4087,16.5204,2967953
2008-09-03,16.4925,16.6507,16.3714,16.4087,280660
2008-09-04,16.4087,16.6321,16.2877,16.4738,212623
2008-09-05,16.5576,16.66,16.0085,16.1015,270462
2008-09-08,16.1853,16.66,16.0085,16.5483,841514
2008-09-09,16.3808,16.7531,16.0085,16.0085,592387
2008-09-10,16.0364,16.2784,15.4686,15.8224,286005
2008-09-11,15.7293,15.8224,15.1243,15.1801,734614
2008-09-12,15.5338,15.5338,15.1801,15.357,460339
2008-09-15,15.1708,15.2639,14.752,14.7893,768886
2008-09-16,14.1377,14.8917,14.0074,14.0074,2127528
2008-09-17,14.4355,14.5658,14.2029,14.3891,610730
2008-09-18,14.2401,15.1708,14.2401,14.7055,425249
2008-09-19,14.8917,15.7293,14.8917,14.8917,848454
2008-09-22,15.2639,15.6362,14.7148,14.7893,503613
2008-09-23,14.7985,15.2639,14.6589,14.9196,683507
2008-09-24,15.0778,16.1015,15.0778,16.1015,574986
2008-09-25,15.934,16.8089,15.8224,16.567,877298
2008-09-26,16.3994,17.1905,16.2505,17.0323,1129639
2008-09-29,17.0323,17.2184,16.0178,16.4925,574083
2008-09-30,15.7293,16.6507,15.6362,16.6507,2462011
2008-10-01,16.6413,17.1812,16.2877,16.2877,503360
2008-10-02,16.3901,16.7531,16.3342,16.6413,270202
2008-10-03,16.4738,16.4738,15.8688,15.962,829038
2008-10-06,15.8224,15.9154,15.0963,15.8224,738634
2008-10-07,15.9247,16.055,14.8917,15.1708,1128255
2008-10-08,14.4449,15.9991,14.4449,15.8409,1718845
2008-10-09,16.0085,16.055,15.357,15.6269,634848
2008-10-10,14.7985,15.357,13.9144,14.3425,2311194
2008-10-13,14.8917,15.3011,14.7055,15.3011,584350
2008-10-14,15.8224,16.2877,14.6124,14.8917,1317959
2008-10-15,14.9847,14.9847,14.0632,14.2401,883684
2008-10-16,13.5886,14.7241,13.2163,13.8678,1314021
2008-10-17,13.9609,14.3238,12.0994,13.0767,2697777
2008-10-20,13.3094,13.4024,12.6114,12.844,709497
2008-10-21,13.0301,13.114,12.0994,12.1925,2127013
2008-10-22,12.0994,12.0994,10.9825,11.1687,1371304
2008-10-23,11.0756,11.1687,9.968,10.5172,1184508
2008-10-24,10.4706,10.6475,9.8657,10.601,797138
2008-10-27,10.2473,10.9174,10.2473,10.6102,1137821
2008-10-28,10.8895,11.1222,10.6381,10.8802,1119036
2008-10-29,11.3548,12.1832,11.1687,12.1367,1512482
2008-10-30,12.3321,12.7509,11.4758,12.025,1160804
2008-10-31,11.9971,12.816,11.541,12.816,758526
2008-11-03,13.0208,13.2163,12.6578,13.0301,870575
2008-11-04,13.5886,13.7189,13.2628,13.5886,978398
2008-11-05,13.4955,13.7654,12.844,13.0301,572809
2008-11-06,12.5648,12.7975,12.1459,12.509,751181
2008-11-07,12.7138,13.0767,12.0994,12.3415,925366
2008-11-10,12.6485,12.7323,12.3415,12.3415,618418
2008-11-12,11.9692,13.1604,11.0756,13.1604,1179210
2008-11-13,10.8895,12.4717,10.8895,11.7737,2351503
2008-11-14,12.2391,12.4717,11.7737,11.7737,718606
2008-11-17,11.7737,12.1739,11.7737,12.0529,556666
2008-11-18,12.0529,12.0529,11.0104,11.0104,1370673
2008-11-19,11.4387,11.4387,10.722,11.2431,844491
2008-11-20,10.601,10.7034,10.2659,10.2659,766456
2008-11-21,10.4706,10.7034,10.2566,10.3776,721723
2008-11-24,10.5917,11.8016,10.5172,11.8016,799241
2008-11-25,11.8202,11.9132,11.1687,11.541,754546
2008-11-26,11.541,11.904,11.2152,11.7271,901735
2008-11-27,12.0994,12.3228,11.9132,12.0529,767485
2008-11-28,12.0529,12.36,11.9132,12.36,736542
2008-12-01,11.9319,12.1925,11.8202,11.8202,865328
2008-12-02,11.3548,11.8202,11.2618,11.7737,1061853
2008-12-03,11.8668,12.0808,11.7737,11.8109,360416
2008-12-04,11.904,12.3879,11.8202,12.3879,641792
2008-12-05,12.2855,12.5927,12.1646,12.3879,713762
2008-12-08,12.7509,12.9836,12.509,12.7044,957839
2008-12-09,12.6114,12.7044,12.2855,12.6951,518856
2008-12-10,12.6951,12.6951,11.9132,11.9598,1190294
2008-12-11,12.0064,12.1459,11.7271,11.9226,1082914
2008-12-12,11.6341,11.8202,11.3548,11.6248,823941
2008-12-15,11.7365,12.0994,11.7365,12.0994,409378
2008-12-16,12.1459,12.3321,12.0994,12.2855,524750
2008-12-17,12.2855,12.3694,11.9598,11.9692,756796
2008-12-18,12.2391,12.2949,11.9132,12.1367,356471
2008-12-19,12.1925,12.3321,11.6527,11.6527,1036532
2008-12-22,11.7271,11.8202,11.513,11.6433,605928
2008-12-23,11.6433,11.9505,11.6433,11.9505,196155
2008-12-29,11.9505,12.2576,11.8668,12.1646,217005
2008-12-30,12.2391,12.3787,12.0994,12.3787,241172
2008-12-31,12.3787,12.5462,12.1925,12.5276,249367
2009-01-05,12.6114,12.9278,12.5741,12.9278,341281
2009-01-06,12.8905,13.0208,12.8068,13.0208,903862
2009-01-07,13.0022,13.1325,12.8068,12.9743,818651
2009-01-08,12.9278,13.0208,12.7696,12.7696,448877
2009-01-09,12.9371,12.9371,12.0994,12.0994,609134
2009-01-12,12.0994,12.2763,11.6899,12.0343,312988
2009-01-13,11.9132,11.9132,11.6527,11.7086,780096
2009-01-14,11.8202,11.904,11.2711,11.3827,1075155
2009-01-15,11.3827,11.4479,11.0384,11.1873,911534
2009-01-16,11.3548,11.4387,11.1873,11.4387,264356
2009-01-19,11.4387,11.4851,10.8988,11.1687,333627
2009-01-20,11.1687,11.299,10.8895,11.1687,285915
2009-01-21,11.0756,11.5782,11.0198,11.5782,491980
2009-01-22,11.5875,11.5875,10.8895,11.1687,341737
2009-01-23,11.1687,11.2431,10.7685,11.1687,504214
2009-01-26,11.1687,11.5782,10.8429,11.5689,427872
2009-01-27,11.541,11.6062,11.1407,11.4479,295714
2009-01-28,11.5038,11.8389,11.2152,11.2152,319888
2009-01-29,11.4014,11.4014,10.9361,11.1222,332662
2009-01-30,11.1222,11.2525,10.7964,11.0291,260212
2009-02-02,11.0104,11.0104,10.2379,10.2379,316748
2009-02-03,10.2845,10.3869,8.6464,8.7302,6423491
2009-02-04,9.1118,9.661,8.7302,9.5865,1210530
2009-02-05,9.754,9.754,9.0281,9.5586,1266860
2009-02-06,9.7074,10.0984,9.633,10.0984,672855
2009-02-09,10.1915,10.1915,9.8005,10.0984,783926
2009-02-10,10.0891,10.1636,9.8657,9.9867,421846
2009-02-11,9.8192,9.8657,9.3259,9.3259,586666
2009-02-12,9.4469,9.4469,8.8606,9.0187,550484
2009-02-13,9.2514,9.2514,8.9349,8.9536,294423
2009-02-16,9.0001,9.0094,8.5626,8.6092,533122
2009-02-17,8.5162,8.5162,8.1904,8.3765,820839
2009-02-18,8.3765,8.4696,7.6319,8.3486,979690
2009-02-19,8.3859,8.8325,8.3859,8.6278,602762
2009-02-20,8.7488,8.7488,7.6785,8.0508,1018392
2009-02-23,8.3765,8.3765,7.725,7.9112,868115
2009-02-24,7.7995,8.0136,7.3528,8.0042,1687306
2009-02-25,8.1904,8.33,8.0229,8.2835,1027540
2009-02-26,8.3393,8.451,8.0973,8.2927,1160154
2009-02-27,8.1904,8.4231,8.0042,8.4231,1140409
2009-03-02,8.1439,8.7023,8.1439,8.693,991996
2009-03-03,8.5626,9.5307,8.5534,9.3259,1047134
2009-03-04,9.5307,9.8285,9.3538,9.7726,678019
2009-03-05,9.8192,10.2379,9.5958,10.0518,576665
2009-03-06,9.9122,10.1821,9.8843,10.0146,1284551
2009-03-09,9.9588,9.9588,9.2887,9.7634,346553
2009-03-10,9.6051,10.0425,9.6051,9.7168,758072
2009-03-11,9.8377,9.9588,9.5958,9.9401,354658
2009-03-12,9.2979,9.2979,8.3765,8.6185,6253870
2009-03-13,8.7488,8.8325,8.3207,8.3486,3342255
2009-03-16,8.4138,8.4138,7.9205,8.088,2060836
2009-03-17,8.0973,8.4975,7.9205,8.2835,1816348
2009-03-18,8.4231,8.4231,8.0973,8.1718,587895
2009-03-19,8.2835,8.2835,8.0042,8.0787,865597
2009-03-20,8.1439,8.1904,8.0136,8.1904,1171725
2009-03-23,8.2835,8.4789,8.1904,8.4696,2006530
2009-03-24,8.6278,8.6464,8.2648,8.3393,786279
2009-03-25,8.209,8.4975,8.209,8.4602,1055064
2009-03-26,8.4789,8.814,8.3951,8.6185,2271171
2009-03-27,8.6371,8.6558,8.3114,8.4975,626388
2009-03-30,8.3672,8.4417,8.2369,8.2369,409846
2009-03-31,8.3114,8.3486,7.9205,7.9205,1304579
2009-04-01,8.0229,8.088,7.5389,7.7716,1712819
2009-04-02,8.088,8.3672,7.967,8.3672,2092817
2009-04-03,8.3765,8.6558,8.1066,8.5906,2367303
2009-04-06,8.6558,8.7023,8.2927,8.4696,1330501
2009-04-07,8.451,8.4696,8.2369,8.4231,854279
2009-04-08,8.3765,9.0652,8.33,9.0652,2530443
2009-04-09,9.0746,9.27,8.7674,9.2514,2171557
2009-04-14,9.149,9.7261,9.0373,9.4841,2579133
2009-04-15,9.4003,9.4654,9.3072,9.3724,1651553
2009-04-16,9.4934,9.6237,9.3538,9.391,1091498
2009-04-17,9.4096,9.4469,9.056,9.2328,1314851
2009-04-20,9.2328,9.2328,8.7023,8.8325,545981
2009-04-21,8.6558,8.9257,8.5626,8.8885,526388
2009-04-22,8.9349,9.1211,8.8046,9.1211,436829
2009-04-23,9.1118,9.2979,9.0281,9.2142,468507
2009-04-24,9.1211,9.2608,8.9349,9.0281,768607
2009-04-27,8.9349,9.0001,8.7023,8.8419,549123
2009-04-28,8.6558,8.7395,8.3859,8.6092,587438
2009-04-29,8.665,8.8325,8.5534,8.6558,811582
2009-04-30,8.9815,9.0467,8.7488,9.0281,847295
2009-05-04,9.1211,9.4841,9.1211,9.3724,1281372
2009-05-05,9.4003,9.633,9.2142,9.4654,922281
2009-05-06,9.4469,10.0239,9.3259,9.9401,1396573
2009-05-07,10.0612,10.5359,9.4469,9.4469,2077127
2009-05-08,9.8843,9.9588,9.2421,9.4469,1705308
2009-05-11,9.4934,9.5865,9.1584,9.512,573202
2009-05-12,9.5865,10.3218,9.5307,10.1915,1294314
2009-05-13,10.1915,10.4148,9.633,9.7726,741972
2009-05-14,9.3445,9.4748,9.1211,9.2608,1593505
2009-05-15,9.2952,9.4525,9.2952,9.4033,871922
2009-05-18,9.4469,9.8657,9.3817,9.8471,645909
2009-05-19,9.9143,10.1894,9.6785,9.8258,739185
2009-05-20,9.8377,10.1449,9.6702,10.0797,859930
2009-05-21,9.8657,9.9588,9.5772,9.5772,582368
2009-05-22,9.6785,9.8651,9.5016,9.6883,366806
2009-05-25,9.7168,9.8657,9.5772,9.8192,145380
2009-05-26,9.7767,9.816,9.59,9.7472,441126
2009-05-27,9.875,10.0518,9.7767,9.816,605543
2009-05-28,9.9634,9.9634,9.6293,9.7767,1086095
2009-05-29,9.8258,10.327,9.8258,10.0518,2962039
2009-06-01,10.4645,11.5945,10.3171,11.5847,1352169
2009-06-02,11.5748,12.5279,11.3488,12.1349,2059257
2009-06-03,12.1349,12.1742,11.791,11.8893,523892
2009-06-04,11.6043,12.1546,11.3095,11.6928,845948
2009-06-05,11.8893,11.8893,11.398,11.398,746125
2009-06-08,11.398,11.5847,11.1425,11.1622,338763
2009-06-09,11.4176,11.6928,11.1916,11.6928,910620
2009-06-10,11.9679,12.1742,11.8008,11.9679,891249
2009-06-12,11.8893,12.1644,11.4962,12.1644,780336
2009-06-15,11.8893,12.2332,11.8893,11.8991,705775
2009-06-16,11.9875,12.1349,11.6928,12.0661,647220
2009-06-17,12.0563,12.2037,11.5257,11.7615,707222
2009-06-18,11.6928,11.9286,11.5061,11.8598,359679
2009-06-19,11.7615,11.7812,11.6338,11.7812,1122657
2009-06-22,11.791,11.8303,10.4154,10.4154,642955
2009-06-23,10.327,10.3466,9.6785,9.6785,2693471
2009-06-24,9.8651,10.0911,9.7767,9.9438,2193289
2009-06-25,10.0911,10.3073,9.9438,10.1599,772107
2009-06-26,10.3171,10.3663,10.0715,10.1599,194140
2009-06-29,10.1206,10.2877,9.8848,10.1206,177786
2009-06-30,10.2877,10.2877,9.8455,9.8455,326484
2009-07-01,9.9241,10.1501,9.8553,9.8553,584108
2009-07-02,9.9339,9.9929,9.7472,9.816,407564
2009-07-03,9.7374,9.8946,9.7374,9.8258,199357
2009-07-06,9.7767,9.8848,9.7276,9.8258,406411
2009-07-07,9.9044,10.0027,9.8258,9.8258,277866
2009-07-08,9.8258,9.9634,9.6981,9.9438,404816
2009-07-09,9.9732,10.3171,9.9438,10.3171,743010
2009-07-10,10.3171,10.3466,10.0224,10.3466,780414
2009-07-13,10.1206,10.3171,9.9241,10.2189,639895
2009-07-14,10.3171,10.5137,10.268,10.4645,629129
2009-07-15,10.5137,11.2997,10.435,11.2997,1114943
2009-07-16,11.1622,11.3095,11.0049,11.2506,518039
2009-07-17,11.1523,11.3783,11.1032,11.1032,421449
2009-07-20,11.2506,11.6338,11.2506,11.5945,415324
2009-07-21,11.565,11.7517,11.1032,11.6928,604849
2009-07-22,11.5061,11.6829,11.2506,11.2506,287392
2009-07-23,11.5847,11.8008,11.398,11.8008,343805
2009-07-24,11.6436,12.1447,11.6436,11.9187,530731
2009-07-27,12.1742,12.184,11.6928,11.9875,411556
2009-07-28,11.9875,12.3413,11.8893,12.0268,538308
2009-07-29,11.9384,12.4788,11.8205,12.4788,303710
2009-07-30,12.469,13.1568,12.302,13.1568,514183
2009-07-31,13.314,13.5498,12.7834,13.2649,615891
2009-08-03,13.1568,13.7071,13.0192,13.4811,409412
2009-08-04,13.2649,13.3631,12.921,13.3631,346600
2009-08-05,13.147,13.4614,12.1349,12.1349,465018
2009-08-06,12.4788,12.6753,12.1349,12.243,516943
2009-08-07,12.2823,12.5673,12.0661,12.469,337885
2009-08-10,12.4199,12.469,12.1742,12.469,633444
2009-08-11,12.5673,13.1961,12.3314,12.6459,785498
2009-08-12,12.5771,13.3533,12.4297,13.3533,734235
2009-08-13,13.6579,14.837,13.6579,14.444,1169113
2009-08-14,14.7388,15.2301,14.4243,14.4243,969572
2009-08-17,14.1983,14.1983,13.5597,13.9527,655781
2009-08-18,13.9527,14.1394,13.3926,13.7071,463366
2009-08-19,13.6579,14.837,13.5204,14.837,355068
2009-08-20,15.122,15.2301,14.3457,15.0237,417316
2009-08-21,14.6503,15.6231,14.6503,15.6231,776613
2009-08-24,15.7213,15.8589,15.1613,15.682,557118
2009-08-25,15.2792,15.7017,15.2202,15.7017,367010
2009-08-26,15.6919,15.6919,14.7486,14.7486,443832
2009-08-27,14.7879,15.0728,14.2475,14.2475,498146
2009-08-28,14.2475,14.8272,14.2475,14.2966,585396
2009-08-31,14.159,14.2475,13.7857,14.0313,594785
2009-09-01,14.2475,14.4931,13.5793,13.7071,413806
2009-09-02,13.5793,13.5793,12.6753,13.2944,770029
2009-09-03,13.6579,13.6579,12.7834,13.1666,494382
2009-09-04,13.5793,13.9429,13.2649,13.5597,512348
2009-09-07,13.9527,14.4342,13.9527,14.385,373148
2009-09-08,14.7191,14.8567,14.159,14.3457,878722
2009-09-09,14.4342,14.6012,13.8151,14.5422,1012772
2009-09-10,14.9353,14.9353,14.0215,14.2376,737299
2009-09-11,14.4833,14.4833,13.7562,13.7562,722196
2009-09-14,13.8544,13.8544,13.1077,13.2649,815038
2009-09-15,13.4221,13.6972,13.1273,13.5302,371660
2009-09-16,13.8643,13.9232,13.5105,13.8544,614775
2009-09-17,14.1787,14.1787,13.7071,14.0018,273805
2009-09-18,13.7562,14.0018,13.6088,13.7562,1116349
2009-09-21,13.9429,13.9429,13.5793,13.7464,5430189
2009-09-22,13.7562,14.4931,13.599,14.4931,1473443
2009-09-23,14.5422,14.837,14.0903,14.1492,960725
2009-09-24,13.9527,14.4047,13.7758,14.1001,551486
2009-09-25,14.1394,14.2868,13.8151,14.2475,458797
2009-09-28,13.9822,14.3949,13.9822,14.1492,458712
2009-09-29,14.2278,14.2278,13.8544,13.9036,802965
2009-09-30,13.9036,14.051,13.8741,13.9036,750476
2009-10-01,13.9036,14.4931,13.9036,14.4931,596699
2009-10-02,13.8643,13.9822,13.6874,13.8053,844622
2009-10-05,13.8053,13.9723,13.7267,13.9036,299806
2009-10-06,14.051,14.2868,13.9527,14.2376,428695
2009-10-07,14.2573,14.2671,13.8544,13.9527,666796
2009-10-08,14.1689,14.2082,13.9527,14.2082,900980
2009-10-09,14.1983,14.1983,13.933,14.051,245869
2009-10-12,14.051,14.2376,13.9625,14.1492,1410905
2009-10-13,14.1001,14.1001,13.933,14.0313,513149
2009-10-14,14.0313,14.5324,13.9134,14.5128,1499792
2009-10-15,14.5128,14.5128,14.2769,14.444,919291
2009-10-16,14.444,14.5324,14.3163,14.4342,1351700
2009-10-19,14.444,14.8862,14.444,14.8862,978294
2009-10-20,15.0139,15.2301,14.7486,15.1809,584313
2009-10-21,15.1809,15.2301,14.8763,15.1416,351747
2009-10-22,14.9844,14.9844,14.7191,14.8272,672084
2009-10-23,15.122,15.122,14.7388,14.7388,445075
2009-10-26,14.7289,14.7682,14.4538,14.7289,596929
2009-10-27,14.5422,14.7486,14.5422,14.7388,1228825
2009-10-28,14.7388,14.9844,14.6012,14.7388,803866
2009-10-29,14.5226,14.9746,14.444,14.5816,528809
2009-10-30,14.7191,14.7388,14.1492,14.2475,830242
2009-11-02,14.051,14.2475,13.766,13.9134,484198
2009-11-03,13.9527,14.0018,13.6088,13.6284,844073
2009-11-04,13.8348,13.9036,13.6383,13.6776,883917
2009-11-05,13.6088,14.0018,13.3631,13.8544,774224
2009-11-06,13.54,13.54,13.0684,13.0684,1508622
2009-11-09,13.2452,13.4123,13.0782,13.4123,1250499
2009-11-10,13.5204,13.6972,13.3828,13.5597,890318
2009-11-12,13.5105,13.6088,13.2649,13.4319,632840
2009-11-13,13.4614,13.4614,12.7638,12.8227,2712099
2009-11-16,13.0782,13.1273,12.9013,13.0585,545644
2009-11-17,13.0684,13.1568,12.6557,12.6753,752486
2009-11-18,12.6753,12.862,12.0268,12.0268,3161193
2009-11-19,12.0956,12.3609,12.0956,12.2823,1458269
2009-11-20,12.2823,12.8522,12.2823,12.8424,1469703
2009-11-23,13.0192,13.1175,12.8326,12.8424,1732197
2009-11-24,12.8424,12.9701,12.5967,12.5967,943983
2009-11-25,12.8424,12.8817,12.6066,12.8129,512966
2009-11-26,12.8719,12.8719,12.6459,12.7736,233254
2009-11-27,12.3904,12.6753,12.2921,12.6753,514051
2009-11-30,12.7736,12.8424,12.2332,12.243,1055074
2009-12-01,12.4592,12.5967,12.302,12.3314,699802
2009-12-02,12.5181,12.5771,12.4002,12.5181,534044
2009-12-03,12.6753,12.7343,12.5378,12.6753,535870
2009-12-04,12.7048,12.8227,12.5083,12.8129,620184
2009-12-07,12.7539,12.862,12.5869,12.5967,516027
2009-12-08,12.6655,12.7736,12.3314,12.3806,797099
2009-12-09,12.3609,12.6655,12.3314,12.3806,555611
2009-12-10,12.4002,12.6459,12.3904,12.4788,247287
2009-12-11,12.5771,12.6852,12.4788,12.4886,359069
2009-12-14,12.5869,12.8129,12.5279,12.7834,867643
2009-12-15,12.8227,13.147,12.8227,13.147,1693474
2009-12-16,13.1666,13.3533,13.0684,13.314,877605
2009-12-17,13.2158,13.3238,13.2158,13.2649,553987
2009-12-18,13.2649,13.5105,13.2649,13.5105,1515013
2009-12-21,13.4123,13.7562,13.4123,13.7562,1102440
2009-12-22,13.7562,14.1394,13.7562,14.1394,852823
2009-12-23,14.1492,14.1787,13.8544,14.1001,537921
2009-12-28,14.0706,14.0706,13.766,13.766,348387
2009-12-29,13.766,13.9723,13.5007,13.8544,937153
2009-12-30,13.8544,14.0411,13.7562,14.0411,262834
2009-12-31,14.0411,14.0903,13.8151,14.0411,221471
2010-01-04,14.1492,14.7781,13.9527,14.6405,848518
2010-01-05,14.6405,15.2301,14.5029,15.0434,1478085
2010-01-06,15.0434,15.0827,14.837,15.0139,239340
2010-01-07,14.8862,14.8862,14.3457,14.444,452510
2010-01-08,14.7682,14.7682,14.2475,14.2769,230632
2010-01-11,14.4833,14.611,14.3457,14.3752,322479
2010-01-12,14.2769,14.3752,13.9822,14.3752,349291
2010-01-13,14.3359,14.4342,14.1296,14.3359,249224
2010-01-14,14.7191,14.7191,14.0411,14.1001,293663
2010-01-15,14.0804,14.2475,13.9527,14.0313,496510
2010-01-18,13.9527,14.1983,13.9527,14.1492,214681
2010-01-19,14.2475,14.3359,14.0117,14.1983,586578
2010-01-20,14.1983,14.385,14.0608,14.0608,1795321
2010-01-21,14.218,14.218,13.8053,13.8053,276406
2010-01-22,13.6579,13.7562,13.4712,13.6088,670585
2010-01-25,13.5597,13.7464,13.3828,13.7464,518058
2010-01-26,13.6579,14.051,13.4221,14.051,161151
2010-01-27,13.766,13.9036,13.766,13.8053,154475
2010-01-28,13.8643,14.0018,13.6284,13.7464,222333
2010-01-29,13.7071,13.7562,13.5302,13.7562,138608
2010-02-01,13.5597,13.8544,13.5204,13.5204,142012
2010-02-02,13.6579,13.8544,13.4614,13.7562,350066
2010-02-03,13.8446,14.0117,13.5793,13.6579,383448
2010-02-04,13.766,13.9036,13.373,13.4123,414117
2010-02-05,12.9603,13.4123,12.8817,13.2649,753848
2010-02-08,13.2649,13.3631,13.1666,13.314,416472
2010-02-09,13.2944,13.6186,13.1961,13.3926,353066
2010-02-10,13.4024,13.6088,13.1765,13.4516,322205
2010-02-11,13.4614,13.4811,12.7736,13.2649,623806
2010-02-12,13.2649,13.7758,13.2649,13.7758,668360
2010-02-15,13.6579,13.8446,13.5007,13.766,224987
2010-02-16,13.8151,14.3359,13.6383,14.1492,1193609
2010-02-17,14.385,14.7289,14.385,14.5619,986690
2010-02-18,14.7388,15.1613,14.7388,15.0335,3183690
2010-02-19,14.837,15.2301,14.6405,15.1121,857187
2010-02-22,15.0827,15.1318,14.8763,14.9353,473617
2010-02-23,15.0532,15.0532,14.6896,14.8567,1133899
2010-02-24,14.6503,14.9353,14.6503,14.8468,242287
2010-02-25,14.6896,14.9353,14.6602,14.7584,737309
2010-02-26,14.7289,15.0335,14.6405,14.9549,527198
2010-03-01,15.1023,15.6722,15.063,15.6231,490808
2010-03-02,15.4266,16.6646,15.4266,16.6548,793937
2010-03-03,16.3109,16.6941,16.3109,16.5565,519175
2010-03-04,16.2716,16.5565,16.2519,16.4288,196967
2010-03-05,16.3109,16.6057,16.0653,16.6057,474449
2010-03-08,16.6057,16.9004,16.2618,16.6843,534341
2010-03-09,16.7039,16.7039,16.36,16.7039,490683
2010-03-10,16.645,16.9594,16.4092,16.4583,562901
2010-03-11,16.6057,16.6057,16.1144,16.4092,441629
2010-03-12,16.3993,16.6941,16.2421,16.3699,497759
2010-03-15,16.2716,16.4878,15.741,16.1144,369315
2010-03-16,16.2126,16.586,16.1733,16.36,436597
2010-03-17,16.6843,16.6941,15.9179,15.9179,672156
2010-03-18,16.0653,16.4092,15.9375,16.0751,308036
2010-03-19,16.1242,16.7039,15.9179,16.2618,1971701
2010-03-22,16.5565,16.9004,16.0259,16.9004,296749
2010-03-23,16.7039,17.5686,16.7039,16.7138,418610
2010-03-24,16.9692,17.1461,16.5074,16.7531,375586
2010-03-25,17.0871,18.3743,17.0282,17.9813,585411
2010-03-26,18.0992,18.6593,18.0992,18.2269,744046
2010-03-29,18.5708,18.62,17.883,17.883,231602
2010-03-30,18.1287,18.3252,17.7946,18.0796,286734
2010-03-31,17.93,18.33,17.69,17.69,526983
2010-04-01,17.9616,18.1778,17.7553,17.8241,370176
2010-04-06,18.0206,18.1582,17.6865,17.9322,1484407
2010-04-07,17.883,18.3252,17.716,18.3252,850148
2010-04-08,18.1778,18.2662,17.7356,17.7749,618783
2010-04-09,18.1287,18.1287,17.657,17.7258,632511
2010-04-12,17.6079,18.0206,16.8022,17.5883,472985
2010-04-13,17.5883,17.8241,17.2051,17.49,559751
2010-04-14,17.49,17.6669,17.1952,17.5686,859056
2010-04-15,17.6865,17.6865,17.3819,17.6865,262994
2010-04-16,17.4114,17.9813,17.1952,17.9813,3252570
2010-04-19,17.883,17.883,16.9398,17.0184,924072
2010-04-20,17.4703,17.8929,17.1952,17.6865,450487
2010-04-21,17.9813,18.3252,17.5391,17.7651,439302
2010-04-22,18.0796,18.168,17.49,17.5391,369697
2010-04-23,17.55,18.13,17.55,18.03,532077
2010-04-26,18.1287,19.0916,18.0402,18.9737,664370
2010-04-27,19.013,19.0916,18.3743,18.4726,326446
2010-04-28,18.0108,18.4628,17.883,18.3448,250304
2010-04-29,18.4726,18.6691,18.1582,18.6691,303856
2010-04-30,18.67,18.96,18.58,18.66,385997
2010-05-04,18.6593,18.7182,17.6963,17.7455,1113436
2010-05-05,17.6865,18.0304,17.2051,17.6865,912583
2010-05-06,17.2444,17.9322,17.1952,17.431,631097
2010-05-07,17.1952,17.431,16.4681,16.4681,1020973
2010-05-10,17.0478,17.6865,17.0478,17.6865,258742
2010-05-11,17.3917,17.8339,17.3917,17.6767,364065
2010-05-12,17.6865,18.1287,17.49,17.7258,349943
2010-05-13,17.9616,18.0599,17.1461,17.3917,356862
2010-05-14,17.2935,17.5883,16.871,16.871,454515
2010-05-17,16.9004,17.6767,16.871,17.6767,233096
2010-05-18,17.7749,17.8339,17.3917,17.6865,310034
2010-05-19,17.29,17.49,16.65,16.89,602257
2010-05-20,16.9,17.1,16.21,16.21,321238
2010-05-21,16.05,16.7,15.92,16.31,768875
2010-05-24,16.7,16.85,16.26,16.41,340466
2010-05-25,16.2,16.39,15.97,16.07,418025
2010-05-26,16.5,17.78,16.36,17.78,1388070
2010-05-27,17.6,17.67,17.16,17.49,805840
2010-05-28,17.8,17.8,17.3,17.5,591463
2010-05-31,17.5,17.5,17.3,17.37,227459
2010-06-01,17.35,17.37,17.01,17.33,197637
2010-06-02,17.3,17.64,17.2,17.55,518242
2010-06-04,17.65,17.72,17.01,17.28,364840
2010-06-07,16.95,17.29,16.91,17.11,270555
2010-06-08,17.4,17.5,16.71,17.4,392839
2010-06-09,17.38,17.49,17,17.1,424599
2010-06-10,17,17.45,16.9,17.26,361408
2010-06-11,17.45,17.45,17.02,17.02,237781
2010-06-14,17.26,17.45,17.03,17.35,205770
2010-06-15,16.75,17.16,16.64,16.89,682648
2010-06-16,17.13,17.13,16.76,16.77,475032
2010-06-17,16.8,16.9,16.4,16.4,516841
2010-06-18,16.45,16.65,15.8,16.2,1546395
2010-06-21,16.74,16.74,16.47,16.69,236416
2010-06-22,16.49,16.78,16.4,16.7,270276
2010-06-23,16.41,16.55,16,16.1,411979
2010-06-24,16.23,16.29,15.9,16.1,657997
2010-06-25,16.29,16.5,16.11,16.5,364555
2010-06-28,16.5,16.77,16.34,16.4,148514
2010-06-29,16.31,16.49,16,16,405173
2010-06-30,16.18,16.2,15.78,15.95,466704
2010-07-01,15.6,16.22,15.6,16.2,228714
2010-07-02,16.2,16.3,15.78,16.01,438184
2010-07-05,16.25,16.25,16.07,16.1,152691
2010-07-06,16.1,16.25,16.05,16.25,242328
2010-07-07,16.22,16.24,15.98,16.11,359446
2010-07-08,16.2,16.35,16,16.01,708225
2010-07-09,16.23,16.24,16.01,16.15,197887
2010-07-12,16.19,16.37,16.07,16.3,740134
2010-07-13,16.35,16.65,16.25,16.55,668980
2010-07-14,16.64,16.87,16.42,16.5,553512
2010-07-15,16.5,16.74,16.37,16.45,196340
2010-07-16,16.65,16.74,16.3,16.44,194488
2010-07-19,16.45,16.54,16.35,16.45,153250
2010-07-20,16.55,16.57,16.11,16.31,335757
2010-07-21,16.56,16.78,16.4,16.78,453176
2010-07-22,16.62,17.05,16.61,17.05,595498
2010-07-23,17,17.2,16.97,17.19,722681
2010-07-26,17.29,17.3,17.01,17.3,364031
2010-07-27,17.32,17.35,17.1,17.25,138399
2010-07-28,17.16,17.63,17.14,17.5,490591
2010-07-29,17.7,17.8,17.55,17.62,424575
2010-07-30,17.62,17.8,17.32,17.8,170933
2010-08-02,17.85,18.69,17.5,18.6,329178
2010-08-03,18.42,18.7,18.42,18.7,444892
2010-08-04,18.65,18.9,18.21,18.9,400709
2010-08-05,18.8,18.87,18.6,18.7,250541
2010-08-06,18.7,18.9,18.18,18.46,420011
2010-08-09,18.55,18.9,18.28,18.9,104522
2010-08-10,18.84,18.84,18.3,18.45,272731
2010-08-11,18.45,18.45,17.81,17.9,236989
2010-08-12,17.8,17.82,17.32,17.5,295262
2010-08-13,17.78,17.78,17.11,17.4,256252
2010-08-16,17.65,18,17.4,18,188894
2010-08-17,17.65,18.07,17.65,17.98,108054
2010-08-18,18.3,18.3,17.85,18.3,204123
2010-08-19,18.16,18.29,17.31,17.99,230976
2010-08-20,17.56,17.74,17.47,17.48,166932
2010-08-23,17.64,17.79,17.5,17.58,318928
2010-08-24,17.5,17.5,16.81,16.81,304061
2010-08-25,17,17.03,16.83,17,376027
2010-08-26,17.16,17.17,16.72,16.72,150036
2010-08-27,16.8,17.1,16.75,17.1,116291
2010-08-30,17.1,17.2,16.82,16.84,227141
2010-08-31,16.65,17.18,16.5,17.18,352025
2010-09-01,17.3,17.3,16.96,17.15,222844
2010-09-02,17.2,17.2,17.05,17.15,372159
2010-09-03,17.15,17.35,17.05,17.35,168985
2010-09-06,17.37,17.5,17.11,17.39,114942
2010-09-07,17.39,17.39,17.09,17.18,92584
2010-09-08,17.2,17.89,17.2,17.89,701927
2010-09-09,17.89,17.9,17.6,17.9,204836
2010-09-10,17.9,17.9,17.52,17.9,382082
2010-09-13,18,18.05,17.89,18.05,331139
2010-09-14,18,18.1,17.72,18.1,283788
2010-09-15,18.05,18.1,17.7,18.1,173181
2010-09-16,17.99,17.99,17.78,17.99,521242
2010-09-17,18.09,18.1,17.5,17.5,975259
2010-09-20,17.61,17.73,17.39,17.41,311134
2010-09-21,17.64,17.8,17.4,17.6,427229
2010-09-22,17.77,17.9,17.6,17.75,553659
2010-09-23,17.9,17.9,17.4,17.59,175394
2010-09-24,17.4,17.59,17.34,17.35,370237
2010-09-27,17.3,17.34,16.97,17.1,277893
2010-09-28,17.17,17.19,17,17,443841
2010-09-29,17,17.15,17,17.08,268412
2010-09-30,17.1,17.39,17.04,17.39,214667
2010-10-01,17.16,17.29,17.05,17.2,222163
2010-10-04,17.21,17.45,17.1,17.45,297047
2010-10-05,17.2,17.78,17.2,17.78,275883
2010-10-06,17.8,18,17.78,17.94,339734
2010-10-07,17.91,17.98,17.6,17.61,244745
2010-10-08,17.89,17.89,17.4,17.7,497156
2010-10-11,17.88,17.95,17.6,17.95,100725
2010-10-12,17.67,17.77,17.37,17.46,274226
2010-10-13,17.6,18.04,17.6,18,722081
2010-10-14,18.1,18.4,18,18.4,954284
2010-10-15,18.5,19.35,18.5,18.83,1089519
2010-10-18,18.94,18.94,18.6,18.72,376310
2010-10-19,18.6,18.89,17.83,18.2,501252
2010-10-20,17.9,18.45,17.9,18.45,240077
2010-10-21,18.24,18.89,18.24,18.8,646418
2010-10-22,18.6,18.78,18.45,18.7,86003
2010-10-25,18.79,18.9,18.66,18.8,73103
2010-10-26,19.05,19.1,18.4,18.5,352892
2010-10-27,18.69,18.8,18.12,18.12,495585
2010-10-28,18.2,18.38,17.99,18,117292
2010-10-29,18,18.09,17.77,17.95,223300
2010-11-02,18.24,18.48,18,18.2,1377022
2010-11-03,18.35,18.35,17.81,17.9,547065
2010-11-04,18.01,18.25,17.89,18,955482
2010-11-05,18.17,18.17,17.99,17.99,656883
2010-11-08,18.12,18.19,17.96,18,297634
2010-11-09,18.14,18.14,17.9,17.99,1071432
2010-11-10,18.1,18.1,17.76,17.89,592207
2010-11-12,17.9,18,17.77,17.91,1707238
2010-11-15,17.98,18.48,17.95,18.3,679034
2010-11-16,18.28,18.35,17.92,18.29,2208121
2010-11-17,18.01,18.15,17.86,17.98,732863
2010-11-18,18.1,18.1,17.53,18,345576
2010-11-19,18.05,18.05,17.31,17.84,1118525
2010-11-22,17.48,17.64,17.29,17.47,549247
2010-11-23,17.5,17.5,17.1,17.11,378151
2010-11-24,17.12,17.2,16.76,16.76,303791
2010-11-25,16.99,17.07,16.85,16.86,154529
2010-11-26,16.88,16.97,16.45,16.5,367881
2010-11-29,16.6,16.76,16.08,16.25,275939
2010-11-30,16.3,16.72,16.17,16.2,1043283
2010-12-01,16.6,16.7,16.26,16.49,729720
2010-12-02,16.57,17.14,16.56,16.72,786449
2010-12-03,16.8,17.06,16.76,17,149925
2010-12-06,17.02,17.22,16.95,16.98,319025
2010-12-07,17,17.08,16.75,16.75,452069
2010-12-08,16.75,16.97,16.6,16.6,223782
2010-12-09,16.89,16.9,16.28,16.89,998277
2010-12-10,16.7,16.85,16.51,16.56,542189
